"No.","Time","Source","Destination","Protocol","Length","Info"
"1","0.000000","192.168.100.1","239.255.255.250","SSDP","175","M-SEARCH * HTTP/1.1 "
"2","0.239180","192.168.100.9","119.152.6.226","TCP","54","59894  >  443 [FIN, ACK] Seq=1 Ack=1 Win=1021 Len=0"
"3","0.239180","192.168.100.9","182.176.35.98","TCP","54","59893  >  443 [FIN, ACK] Seq=1 Ack=1 Win=1021 Len=0"
"4","0.265227","192.168.100.1","239.255.255.250","SSDP","175","M-SEARCH * HTTP/1.1 "
"5","1.630733","20.195.84.16","192.168.100.9","TLSv1.2","81","Application Data"
"6","1.680814","192.168.100.9","20.195.84.16","TCP","54","54675  >  443 [ACK] Seq=1 Ack=28 Win=253 Len=0"
"7","2.684049","192.168.100.9","192.168.100.1","TCP","66","59950  >  53 [SYN] Seq=0 Win=65535 Len=0 MSS=1460 WS=256 SACK_PERM"
"8","2.684651","192.168.100.9","192.168.100.1","TCP","66","59951  >  53 [SYN] Seq=0 Win=65535 Len=0 MSS=1460 WS=256 SACK_PERM"
"9","2.685975","192.168.100.9","192.168.100.1","TCP","66","59952  >  53 [SYN] Seq=0 Win=65535 Len=0 MSS=1460 WS=256 SACK_PERM"
"10","2.686116","192.168.100.1","192.168.100.9","TCP","66","53  >  59950 [SYN, ACK] Seq=0 Ack=1 Win=14600 Len=0 MSS=1460 SACK_PERM WS=4"
"11","2.686116","192.168.100.1","192.168.100.9","TCP","66","53  >  59951 [SYN, ACK] Seq=0 Ack=1 Win=14600 Len=0 MSS=1460 SACK_PERM WS=4"
"12","2.686387","192.168.100.9","192.168.100.1","TCP","54","59950  >  53 [ACK] Seq=1 Ack=1 Win=65280 Len=0"
"13","2.686501","192.168.100.9","192.168.100.1","TCP","54","59951  >  53 [ACK] Seq=1 Ack=1 Win=65280 Len=0"
"14","2.686730","192.168.100.9","192.168.100.1","TCP","66","59953  >  53 [SYN] Seq=0 Win=65535 Len=0 MSS=1460 WS=256 SACK_PERM"
"15","2.687068","192.168.100.9","192.168.100.1","TCP","56","59951  >  53 [PSH, ACK] Seq=1 Ack=1 Win=65280 Len=2 [TCP PDU reassembled in 16]"
"16","2.687222","192.168.100.9","192.168.100.1","DNS","92","Standard query 0x99c6 HTTPS beacons.gcp.gvt2.com"
"17","2.687490","192.168.100.9","192.168.100.1","TCP","56","59950  >  53 [PSH, ACK] Seq=1 Ack=1 Win=65280 Len=2 [TCP PDU reassembled in 18]"
"18","2.687612","192.168.100.9","192.168.100.1","DNS","92","Standard query 0x2959 A beacons.gcp.gvt2.com"
"19","2.690003","192.168.100.1","192.168.100.9","TCP","66","53  >  59952 [SYN, ACK] Seq=0 Ack=1 Win=14600 Len=0 MSS=1460 SACK_PERM WS=4"
"20","2.690003","192.168.100.1","192.168.100.9","TCP","66","53  >  59953 [SYN, ACK] Seq=0 Ack=1 Win=14600 Len=0 MSS=1460 SACK_PERM WS=4"
"21","2.690003","192.168.100.1","192.168.100.9","TCP","54","53  >  59951 [ACK] Seq=1 Ack=3 Win=14600 Len=0"
"22","2.690003","192.168.100.1","192.168.100.9","TCP","54","53  >  59951 [ACK] Seq=1 Ack=41 Win=14600 Len=0"
"23","2.690003","192.168.100.1","192.168.100.9","TCP","54","53  >  59950 [ACK] Seq=1 Ack=3 Win=14600 Len=0"
"24","2.690003","192.168.100.1","192.168.100.9","TCP","54","53  >  59950 [ACK] Seq=1 Ack=41 Win=14600 Len=0"
"25","2.690269","192.168.100.9","192.168.100.1","TCP","54","59952  >  53 [ACK] Seq=1 Ack=1 Win=65280 Len=0"
"26","2.690354","192.168.100.9","192.168.100.1","TCP","54","59953  >  53 [ACK] Seq=1 Ack=1 Win=65280 Len=0"
"27","2.690603","192.168.100.9","192.168.100.1","TCP","56","59953  >  53 [PSH, ACK] Seq=1 Ack=1 Win=65280 Len=2 [TCP PDU reassembled in 28]"
"28","2.690744","192.168.100.9","192.168.100.1","DNS","92","Standard query 0xe847 HTTPS beacons.gcp.gvt2.com"
"29","2.690941","192.168.100.9","192.168.100.1","TCP","56","59952  >  53 [PSH, ACK] Seq=1 Ack=1 Win=65280 Len=2 [TCP PDU reassembled in 30]"
"30","2.691038","192.168.100.9","192.168.100.1","DNS","92","Standard query 0x72c8 A beacons.gcp.gvt2.com"
"31","2.693742","192.168.100.1","192.168.100.9","TCP","54","53  >  59953 [ACK] Seq=1 Ack=3 Win=14600 Len=0"
"32","2.693742","192.168.100.1","192.168.100.9","TCP","54","53  >  59953 [ACK] Seq=1 Ack=41 Win=14600 Len=0"
"33","2.693742","192.168.100.1","192.168.100.9","TCP","54","53  >  59952 [ACK] Seq=1 Ack=3 Win=14600 Len=0"
"34","2.693742","192.168.100.1","192.168.100.9","TCP","54","53  >  59952 [ACK] Seq=1 Ack=41 Win=14600 Len=0"
"35","2.705735","192.168.100.1","192.168.100.9","DNS","181","Standard query response 0x99c6 HTTPS beacons.gcp.gvt2.com CNAME beacons-handoff.gcp.gvt2.com SOA ns1.google.com"
"36","2.706478","192.168.100.9","192.168.100.1","TCP","54","59951  >  53 [FIN, ACK] Seq=41 Ack=128 Win=65280 Len=0"
"37","2.710879","192.168.100.1","192.168.100.9","DNS","219","Standard query response 0x2959 A beacons.gcp.gvt2.com CNAME beacons-handoff.gcp.gvt2.com A 142.250.181.99 NS ns2.google.com NS ns1.google.com NS ns4.google.com NS ns3.google.com"
"38","2.710879","192.168.100.1","192.168.100.9","TCP","54","53  >  59951 [FIN, ACK] Seq=128 Ack=42 Win=14600 Len=0"
"39","2.711102","192.168.100.9","192.168.100.1","TCP","54","59951  >  53 [ACK] Seq=42 Ack=129 Win=65280 Len=0"
"40","2.712334","192.168.100.9","192.168.100.1","TCP","54","59950  >  53 [FIN, ACK] Seq=41 Ack=166 Win=65280 Len=0"
"41","2.713478","192.168.100.1","192.168.100.9","DNS","181","Standard query response 0xe847 HTTPS beacons.gcp.gvt2.com CNAME beacons-handoff.gcp.gvt2.com SOA ns1.google.com"
"42","2.715016","192.168.100.9","142.250.181.99","QUIC","1292","Initial, DCID=d067ea61bd06c213, PKN: 1, CRYPTO"
"43","2.715294","192.168.100.9","142.250.181.99","QUIC","1292","Initial, DCID=d067ea61bd06c213, PKN: 2, PING, PADDING, CRYPTO, PING, CRYPTO, PING, PING, PING, PADDING, CRYPTO"
"44","2.716017","192.168.100.9","192.168.100.1","TCP","54","59953  >  53 [FIN, ACK] Seq=41 Ack=128 Win=65280 Len=0"
"45","2.718563","192.168.100.1","192.168.100.9","DNS","219","Standard query response 0x72c8 A beacons.gcp.gvt2.com CNAME beacons-handoff.gcp.gvt2.com A 142.250.181.99 NS ns3.google.com NS ns4.google.com NS ns2.google.com NS ns1.google.com"
"46","2.718563","192.168.100.1","192.168.100.9","TCP","54","53  >  59950 [FIN, ACK] Seq=166 Ack=42 Win=14600 Len=0"
"47","2.718730","192.168.100.9","192.168.100.1","TCP","54","59950  >  53 [ACK] Seq=42 Ack=167 Win=65280 Len=0"
"48","2.719160","192.168.100.1","192.168.100.9","TCP","54","53  >  59953 [FIN, ACK] Seq=128 Ack=42 Win=14600 Len=0"
"49","2.719284","192.168.100.9","192.168.100.1","TCP","54","59953  >  53 [ACK] Seq=42 Ack=129 Win=65280 Len=0"
"50","2.719742","192.168.100.9","192.168.100.1","TCP","54","59952  >  53 [FIN, ACK] Seq=41 Ack=166 Win=65280 Len=0"
"51","2.721623","192.168.100.1","192.168.100.9","TCP","54","53  >  59952 [FIN, ACK] Seq=166 Ack=42 Win=14600 Len=0"
"52","2.721737","192.168.100.9","192.168.100.1","TCP","54","59952  >  53 [ACK] Seq=42 Ack=167 Win=65280 Len=0"
"53","2.721986","192.168.100.9","142.250.181.99","QUIC","1292","Initial, DCID=fdd38276c5af20c7, PKN: 1, CRYPTO"
"54","2.722183","192.168.100.9","142.250.181.99","QUIC","1292","Initial, DCID=fdd38276c5af20c7, PKN: 2, PADDING, PING, PADDING, CRYPTO, PING, CRYPTO, PADDING, CRYPTO, CRYPTO, PADDING, CRYPTO, PING, CRYPTO, PADDING, CRYPTO, PING, PING, PING, PING, PING, PING"
"55","2.723298","192.168.100.9","142.250.181.99","QUIC","123","0-RTT, DCID=d067ea61bd06c213"
"56","2.724017","192.168.100.9","142.250.181.99","QUIC","122","0-RTT, DCID=fdd38276c5af20c7"
"57","2.759381","142.250.181.99","192.168.100.9","QUIC","82","Initial, SCID=f067ea61bd06c213, PKN: 1, ACK"
"58","2.759381","142.250.181.99","192.168.100.9","QUIC","1292","Initial, SCID=f067ea61bd06c213, PKN: 2, ACK, PADDING"
"59","2.769994","142.250.181.99","192.168.100.9","QUIC","82","Initial, SCID=fdd38276c5af20c7, PKN: 1, ACK"
"60","2.769994","142.250.181.99","192.168.100.9","QUIC","1292","Initial, SCID=fdd38276c5af20c7, PKN: 2, ACK, PADDING"
"61","2.812016","192.168.100.9","142.250.181.99","QUIC","1292","Initial, DCID=f067ea61bd06c213, PKN: 5, PADDING, PING, PADDING"
"62","2.828518","192.168.100.9","142.250.181.99","QUIC","1292","Initial, DCID=fdd38276c5af20c7, PKN: 5, PADDING, PING, PADDING"
"63","2.854246","142.250.181.99","192.168.100.9","QUIC","1292","Initial, SCID=f067ea61bd06c213, PKN: 3, ACK, PADDING"
"64","2.876009","142.250.181.99","192.168.100.9","QUIC","1292","Initial, SCID=fdd38276c5af20c7, PKN: 3, ACK, PADDING"
"65","2.877029","142.250.181.99","192.168.100.9","QUIC","1292","Initial, SCID=f067ea61bd06c213, PKN: 4, CRYPTO, PADDING"
"66","2.877029","142.250.181.99","192.168.100.9","QUIC","338","Protected Payload (KP0)"
"67","2.877029","142.250.181.99","192.168.100.9","QUIC","996","Protected Payload (KP0)"
"68","2.877029","142.250.181.99","192.168.100.9","QUIC","67","Protected Payload (KP0)"
"69","2.878961","192.168.100.9","142.250.181.99","QUIC","1292","Handshake, DCID=f067ea61bd06c213"
"70","2.879372","192.168.100.9","142.250.181.99","QUIC","73","Protected Payload (KP0), DCID=f067ea61bd06c213"
"71","2.880129","192.168.100.9","142.250.181.99","QUIC","652","Protected Payload (KP0), DCID=f067ea61bd06c213"
"72","2.882454","142.250.181.99","192.168.100.9","QUIC","1292","Initial, SCID=fdd38276c5af20c7, PKN: 4, CRYPTO, PADDING"
"73","2.885105","142.250.181.99","192.168.100.9","QUIC","347","Protected Payload (KP0)"
"74","2.885105","142.250.181.99","192.168.100.9","QUIC","987","Protected Payload (KP0)"
"75","2.885105","142.250.181.99","192.168.100.9","QUIC","74","Protected Payload (KP0)"
"76","2.885105","142.250.181.99","192.168.100.9","QUIC","66","Protected Payload (KP0)"
"77","2.886372","192.168.100.9","142.250.181.99","QUIC","1292","Handshake, DCID=fdd38276c5af20c7"
"78","2.886771","192.168.100.9","142.250.181.99","QUIC","73","Protected Payload (KP0), DCID=fdd38276c5af20c7"
"79","2.887587","192.168.100.9","142.250.181.99","QUIC","1288","Protected Payload (KP0), DCID=fdd38276c5af20c7"
"80","2.887722","192.168.100.9","142.250.181.99","QUIC","148","Protected Payload (KP0), DCID=fdd38276c5af20c7"
"81","2.920635","142.250.181.99","192.168.100.9","QUIC","162","Protected Payload (KP0)"
"82","2.923300","142.250.181.99","192.168.100.9","QUIC","71","Protected Payload (KP0)"
"83","2.924085","192.168.100.9","142.250.181.99","QUIC","74","Protected Payload (KP0), DCID=f067ea61bd06c213"
"84","2.928595","142.250.181.99","192.168.100.9","QUIC","162","Protected Payload (KP0)"
"85","2.929655","142.250.181.99","192.168.100.9","QUIC","71","Protected Payload (KP0)"
"86","2.929850","142.250.181.99","192.168.100.9","QUIC","67","Protected Payload (KP0)"
"87","2.930282","192.168.100.9","142.250.181.99","QUIC","73","Protected Payload (KP0), DCID=fdd38276c5af20c7"
"88","3.044100","142.250.181.99","192.168.100.9","QUIC","606","Protected Payload (KP0)"
"89","3.045689","192.168.100.9","142.250.181.99","QUIC","90","Protected Payload (KP0), DCID=f067ea61bd06c213"
"90","3.047649","142.250.181.99","192.168.100.9","QUIC","63","Protected Payload (KP0)"
"91","3.053594","142.250.181.99","192.168.100.9","QUIC","606","Protected Payload (KP0)"
"92","3.055109","192.168.100.9","142.250.181.99","QUIC","90","Protected Payload (KP0), DCID=fdd38276c5af20c7"
"93","3.055693","142.250.181.99","192.168.100.9","QUIC","63","Protected Payload (KP0)"
"94","3.086734","192.168.100.9","142.250.181.99","QUIC","74","Protected Payload (KP0), DCID=f067ea61bd06c213"
"95","3.086981","192.168.100.9","142.250.181.99","QUIC","74","Protected Payload (KP0), DCID=fdd38276c5af20c7"
"96","3.098485","142.250.181.99","192.168.100.9","QUIC","70","Protected Payload (KP0)"
"97","3.135004","192.168.100.9","142.250.181.99","QUIC","74","Protected Payload (KP0), DCID=fdd38276c5af20c7"
"98","3.135327","192.168.100.9","142.250.181.99","QUIC","84","Protected Payload (KP0), DCID=f067ea61bd06c213"
"99","3.178322","142.250.181.99","192.168.100.9","QUIC","69","Protected Payload (KP0)"
"100","4.766179","20.195.84.16","192.168.100.9","TLSv1.2","81","Application Data"
"101","4.810876","192.168.100.9","20.195.84.16","TCP","54","54660  >  443 [ACK] Seq=1 Ack=28 Win=253 Len=0"
"102","5.039345","192.168.100.9","119.152.6.226","TCP","54","[TCP Retransmission] 59894  >  443 [FIN, ACK] Seq=1 Ack=1 Win=1021 Len=0"
"103","5.055355","192.168.100.9","182.176.35.98","TCP","54","[TCP Retransmission] 59893  >  443 [FIN, ACK] Seq=1 Ack=1 Win=1021 Len=0"
"104","5.348408","192.168.100.9","20.195.84.16","TLSv1.2","85","Application Data"
"105","5.466327","20.195.84.16","192.168.100.9","TCP","54","443  >  54675 [ACK] Seq=28 Ack=32 Win=501 Len=0"
"106","6.474168","20.207.73.85","192.168.100.9","TLSv1.2","78","Application Data"
"107","6.474168","20.207.73.85","192.168.100.9","TCP","93","[TCP Out-Of-Order] 443  >  59939 [PSH, ACK] Seq=4294967258 Ack=1 Win=76 Len=39"
"108","6.474168","20.207.73.85","192.168.100.9","TCP","54","443  >  59939 [FIN, ACK] Seq=25 Ack=1 Win=76 Len=0"
"109","6.474261","192.168.100.9","20.207.73.85","TCP","66","59939  >  443 [ACK] Seq=1 Ack=4294967258 Win=251 Len=0 SLE=1 SRE=25"
"110","6.474506","192.168.100.9","20.207.73.85","TCP","54","59939  >  443 [ACK] Seq=1 Ack=25 Win=250 Len=0"
"111","6.474613","192.168.100.9","20.207.73.85","TCP","54","59939  >  443 [ACK] Seq=1 Ack=26 Win=250 Len=0"
"112","6.475147","192.168.100.9","20.207.73.85","TCP","54","59939  >  443 [FIN, ACK] Seq=1 Ack=26 Win=250 Len=0"
"113","6.550130","20.207.73.85","192.168.100.9","TCP","60","443  >  59939 [ACK] Seq=26 Ack=2 Win=76 Len=0"
"114","8.328125","192.168.100.9","20.195.84.16","TLSv1.2","87","Application Data"
"115","8.331797","192.168.100.9","20.195.84.16","TLSv1.2","84","Application Data"
"116","8.335687","192.168.100.9","20.195.84.16","TCP","54","54675  >  443 [FIN, ACK] Seq=95 Ack=28 Win=253 Len=0"
"117","8.418063","192.168.100.9","192.168.100.1","DNS","77","Standard query 0x52ea A dcg.microsoft.com"
"118","8.446426","20.195.84.16","192.168.100.9","TCP","60","443  >  54675 [ACK] Seq=28 Ack=65 Win=501 Len=0"
"119","8.446426","20.195.84.16","192.168.100.9","TCP","60","443  >  54675 [ACK] Seq=28 Ack=95 Win=501 Len=0"
"120","8.446426","20.195.84.16","192.168.100.9","TLSv1.2","80","Application Data"
"121","8.446589","192.168.100.9","20.195.84.16","TCP","54","54675  >  443 [RST, ACK] Seq=96 Ack=54 Win=0 Len=0"
"122","8.448695","20.195.84.16","192.168.100.9","TLSv1.2","78","Application Data"
"123","8.448903","20.195.84.16","192.168.100.9","TCP","54","443  >  54675 [FIN, ACK] Seq=78 Ack=95 Win=501 Len=0"
"124","8.456141","20.195.84.16","192.168.100.9","TCP","60","443  >  54675 [ACK] Seq=79 Ack=96 Win=501 Len=0"
"125","8.481599","192.168.100.1","192.168.100.9","DNS","194","Standard query response 0x52ea A dcg.microsoft.com CNAME dcg.microsoft.com.b-0005.b-msedge.net CNAME b-0005.b-msedge.net A 13.107.6.158 NS ns2.b-msedge.net NS ns1.b-msedge.net"
"126","8.483494","192.168.100.9","13.107.6.158","TCP","66","59954  >  443 [SYN] Seq=0 Win=65535 Len=0 MSS=1460 WS=256 SACK_PERM"
"127","8.527452","13.107.6.158","192.168.100.9","TCP","66","443  >  59954 [SYN, ACK] Seq=0 Ack=1 Win=65535 Len=0 MSS=1412 WS=256 SACK_PERM"
"128","8.527672","192.168.100.9","13.107.6.158","TCP","54","59954  >  443 [ACK] Seq=1 Ack=1 Win=65280 Len=0"
"129","8.534575","192.168.100.9","13.107.6.158","TLSv1.3","949","Client Hello (SNI=dcg.microsoft.com)"
"130","8.585160","13.107.6.158","192.168.100.9","TCP","54","443  >  59954 [ACK] Seq=1 Ack=896 Win=4194048 Len=0"
"131","8.588036","13.107.6.158","192.168.100.9","TLSv1.3","2878","Server Hello, Change Cipher Spec"
"132","8.588036","13.107.6.158","192.168.100.9","TLSv1.3","1407","Application Data"
"133","8.588291","192.168.100.9","13.107.6.158","TCP","54","59954  >  443 [ACK] Seq=896 Ack=4178 Win=65280 Len=0"
"134","8.606253","192.168.100.9","13.107.6.158","TLSv1.3","134","Change Cipher Spec, Application Data"
"135","8.616770","192.168.100.9","13.107.6.158","TLSv1.3","2828","Application Data"
"136","8.655131","13.107.6.158","192.168.100.9","TCP","60","443  >  59954 [ACK] Seq=4178 Ack=976 Win=4194048 Len=0"
"137","8.655596","13.107.6.158","192.168.100.9","TLSv1.3","513","Application Data"
"138","8.660476","13.107.6.158","192.168.100.9","TCP","60","443  >  59954 [ACK] Seq=4637 Ack=2388 Win=4194816 Len=0"
"139","8.660476","13.107.6.158","192.168.100.9","TCP","60","443  >  59954 [ACK] Seq=4637 Ack=3750 Win=4193536 Len=0"
"140","8.702117","192.168.100.9","13.107.6.158","TCP","54","59954  >  443 [ACK] Seq=3750 Ack=4637 Win=65024 Len=0"
"141","8.719306","192.168.100.9","35.174.127.31","TLSv1.2","294","Application Data"
"142","8.899297","13.107.6.158","192.168.100.9","TLSv1.3","693","Application Data"
"143","8.943230","192.168.100.9","13.107.6.158","TCP","54","59954  >  443 [ACK] Seq=3750 Ack=5276 Win=64256 Len=0"
"144","9.001232","35.174.127.31","192.168.100.9","TCP","54","443  >  54595 [ACK] Seq=1 Ack=241 Win=1629 Len=0"
"145","9.001232","35.174.127.31","192.168.100.9","TLSv1.2","320","Application Data"
"146","9.054713","192.168.100.9","35.174.127.31","TCP","54","54595  >  443 [ACK] Seq=241 Ack=267 Win=253 Len=0"
"147","9.936888","192.168.100.9","20.195.84.16","TLSv1.2","82","Application Data"
"148","10.057950","20.195.84.16","192.168.100.9","TCP","54","443  >  54660 [ACK] Seq=28 Ack=29 Win=501 Len=0"
"149","12.078933","192.168.100.9","192.168.100.1","TCP","66","59955  >  53 [SYN] Seq=0 Win=65535 Len=0 MSS=1460 WS=256 SACK_PERM"
"150","12.079322","192.168.100.9","192.168.100.1","TCP","66","59956  >  53 [SYN] Seq=0 Win=65535 Len=0 MSS=1460 WS=256 SACK_PERM"
"151","12.079946","192.168.100.9","142.250.181.133","TLSv1.2","3675","Application Data"
"152","12.080073","192.168.100.9","142.250.181.133","TLSv1.2","93","Application Data"
"153","12.090615","192.168.100.1","192.168.100.9","TCP","66","53  >  59955 [SYN, ACK] Seq=0 Ack=1 Win=14600 Len=0 MSS=1460 SACK_PERM WS=4"
"154","12.090615","192.168.100.1","192.168.100.9","TCP","66","53  >  59956 [SYN, ACK] Seq=0 Ack=1 Win=14600 Len=0 MSS=1460 SACK_PERM WS=4"
"155","12.090783","192.168.100.9","192.168.100.1","TCP","54","59955  >  53 [ACK] Seq=1 Ack=1 Win=65280 Len=0"
"156","12.090859","192.168.100.9","192.168.100.1","TCP","54","59956  >  53 [ACK] Seq=1 Ack=1 Win=65280 Len=0"
"157","12.091095","192.168.100.9","192.168.100.1","TCP","56","59956  >  53 [PSH, ACK] Seq=1 Ack=1 Win=65280 Len=2 [TCP PDU reassembled in 158]"
"158","12.091209","192.168.100.9","192.168.100.1","DNS","87","Standard query 0xa031 HTTPS mail.google.com"
"159","12.091347","192.168.100.9","192.168.100.1","TCP","56","59955  >  53 [PSH, ACK] Seq=1 Ack=1 Win=65280 Len=2 [TCP PDU reassembled in 160]"
"160","12.091420","192.168.100.9","192.168.100.1","DNS","87","Standard query 0x7a7d A mail.google.com"
"161","12.095790","192.168.100.1","192.168.100.9","TCP","54","53  >  59956 [ACK] Seq=1 Ack=3 Win=14600 Len=0"
"162","12.095790","192.168.100.1","192.168.100.9","TCP","54","53  >  59956 [ACK] Seq=1 Ack=36 Win=14600 Len=0"
"163","12.095790","192.168.100.1","192.168.100.9","TCP","54","53  >  59955 [ACK] Seq=1 Ack=3 Win=14600 Len=0"
"164","12.095790","192.168.100.1","192.168.100.9","TCP","54","53  >  59955 [ACK] Seq=1 Ack=36 Win=14600 Len=0"
"165","12.114379","192.168.100.1","192.168.100.9","DNS","139","Standard query response 0xa031 HTTPS mail.google.com SOA ns1.google.com"
"166","12.114764","192.168.100.9","192.168.100.1","TCP","54","59956  >  53 [FIN, ACK] Seq=36 Ack=86 Win=65280 Len=0"
"167","12.115365","192.168.100.1","192.168.100.9","DNS","177","Standard query response 0x7a7d A mail.google.com A 142.250.181.133 NS ns3.google.com NS ns2.google.com NS ns1.google.com NS ns4.google.com"
"168","12.115754","192.168.100.9","192.168.100.1","TCP","54","59955  >  53 [FIN, ACK] Seq=36 Ack=124 Win=65280 Len=0"
"169","12.117668","192.168.100.1","192.168.100.9","TCP","54","53  >  59956 [FIN, ACK] Seq=86 Ack=37 Win=14600 Len=0"
"170","12.117748","192.168.100.9","192.168.100.1","TCP","54","59956  >  53 [ACK] Seq=37 Ack=87 Win=65280 Len=0"
"171","12.118324","192.168.100.1","192.168.100.9","TCP","54","53  >  59955 [FIN, ACK] Seq=124 Ack=37 Win=14600 Len=0"
"172","12.118390","192.168.100.9","192.168.100.1","TCP","54","59955  >  53 [ACK] Seq=37 Ack=125 Win=65280 Len=0"
"173","12.122890","142.250.181.133","192.168.100.9","TCP","60","443  >  59916 [ACK] Seq=1 Ack=1413 Win=1029 Len=0"
"174","12.123836","142.250.181.133","192.168.100.9","TCP","66","[TCP Dup ACK 173#1] 443  >  59916 [ACK] Seq=1 Ack=1413 Win=1029 Len=0 SLE=3622 SRE=3661"
"175","12.123836","142.250.181.133","192.168.100.9","TCP","66","[TCP Dup ACK 173#2] 443  >  59916 [ACK] Seq=1 Ack=1413 Win=1029 Len=0 SLE=2825 SRE=3661"
"176","12.123836","142.250.181.133","192.168.100.9","TCP","60","443  >  59916 [ACK] Seq=1 Ack=3661 Win=1021 Len=0"
"177","12.124307","142.250.181.133","192.168.100.9","TLSv1.2","93","Application Data"
"178","12.178064","192.168.100.9","142.250.181.133","TCP","54","59916  >  443 [ACK] Seq=3661 Ack=40 Win=255 Len=0"
"179","12.499744","142.250.181.133","192.168.100.9","TLSv1.2","1200","Application Data"
"180","12.499744","142.250.181.133","192.168.100.9","TLSv1.2","2878","Application Data, Application Data"
"181","12.499744","142.250.181.133","192.168.100.9","TLSv1.2","351","Application Data"
"182","12.499744","142.250.181.133","192.168.100.9","TLSv1.2","93","Application Data"
"183","12.499744","142.250.181.133","192.168.100.9","TCP","93","[TCP Retransmission] 443  >  59916 [PSH, ACK] Seq=4307 Ack=3661 Win=1021 Len=39"
"184","12.499916","192.168.100.9","142.250.181.133","TCP","66","59916  >  443 [ACK] Seq=3661 Ack=4346 Win=255 Len=0 SLE=4307 SRE=4346"
"185","12.505636","192.168.100.9","142.250.181.133","TLSv1.2","89","Application Data"
"186","12.505870","192.168.100.9","142.250.181.133","TLSv1.2","93","Application Data"
"187","12.546768","142.250.181.133","192.168.100.9","TCP","60","443  >  59916 [ACK] Seq=4346 Ack=3735 Win=1021 Len=0"
"188","12.552116","192.168.100.9","142.250.181.133","TLSv1.2","3200","Application Data"
"189","12.593644","142.250.181.133","192.168.100.9","TCP","60","443  >  59916 [ACK] Seq=4346 Ack=6559 Win=1010 Len=0"
"190","12.599709","142.250.181.133","192.168.100.9","TCP","60","443  >  59916 [ACK] Seq=4346 Ack=6881 Win=1009 Len=0"
"191","12.857449","142.250.181.133","192.168.100.9","TLSv1.2","1175","Application Data"
"192","12.858388","142.250.181.133","192.168.100.9","TLSv1.2","1466","Application Data"
"193","12.858532","192.168.100.9","142.250.181.133","TCP","54","59916  >  443 [ACK] Seq=6881 Ack=6879 Win=255 Len=0"
"194","12.858850","142.250.181.133","192.168.100.9","TLSv1.2","1466","Application Data"
"195","12.859641","142.250.181.133","192.168.100.9","TLSv1.2","344","Application Data"
"196","12.859735","192.168.100.9","142.250.181.133","TCP","54","59916  >  443 [ACK] Seq=6881 Ack=8581 Win=255 Len=0"
"197","12.859930","142.250.181.133","192.168.100.9","TLSv1.2","202","Application Data"
"198","12.859930","142.250.181.133","192.168.100.9","TLSv1.2","93","Application Data"
"199","12.860027","192.168.100.9","142.250.181.133","TCP","54","59916  >  443 [ACK] Seq=6881 Ack=8768 Win=255 Len=0"
"200","12.864874","192.168.100.9","142.250.181.133","TLSv1.2","93","Application Data"
"201","12.906361","142.250.181.133","192.168.100.9","TCP","60","443  >  59916 [ACK] Seq=8768 Ack=6920 Win=1009 Len=0"
"202","14.063870","192.168.100.9","20.195.84.16","TLSv1.2","85","Application Data"
"203","14.181031","20.195.84.16","192.168.100.9","TCP","60","443  >  54660 [ACK] Seq=28 Ack=60 Win=501 Len=0"
"204","14.644526","192.168.100.9","119.152.6.226","TCP","54","59894  >  443 [RST, ACK] Seq=2 Ack=1 Win=0 Len=0"
"205","14.659004","5e:cf:b7:4d:06:8c","Broadcast","ARP","42","Who has 192.168.100.1? Tell 192.168.100.34"
"206","14.660262","192.168.100.9","182.176.35.98","TCP","54","59893  >  443 [RST, ACK] Seq=2 Ack=1 Win=0 Len=0"
"207","15.727439","192.168.100.9","157.240.227.61","TCP","54","59947  >  5222 [FIN, ACK] Seq=1 Ack=1 Win=250 Len=0"
"208","15.813725","157.240.227.61","192.168.100.9","TCP","54","5222  >  59947 [ACK] Seq=1 Ack=2 Win=269 Len=0"
"209","15.946768","157.240.227.61","192.168.100.9","TCP","54","5222  >  59947 [FIN, ACK] Seq=1 Ack=2 Win=269 Len=0"
"210","15.946961","192.168.100.9","157.240.227.61","TCP","54","59947  >  5222 [ACK] Seq=2 Ack=2 Win=250 Len=0"
"211","19.785378","20.195.84.16","192.168.100.9","TLSv1.2","81","Application Data"
"212","19.829957","192.168.100.9","20.195.84.16","TCP","54","54660  >  443 [ACK] Seq=60 Ack=55 Win=253 Len=0"
"213","20.039867","192.168.100.9","142.250.102.188","TCP","55","54621  >  5228 [ACK] Seq=1 Ack=1 Win=253 Len=1"
"214","20.201435","142.250.102.188","192.168.100.9","TCP","66","5228  >  54621 [ACK] Seq=1 Ack=2 Win=1047 Len=0 SLE=1 SRE=2"
"215","21.291542","192.168.100.9","142.250.102.188","TCP","55","54619  >  5228 [ACK] Seq=1 Ack=1 Win=253 Len=1"
"216","21.324404","192.168.100.9","142.250.102.188","TCP","55","54620  >  5228 [ACK] Seq=1 Ack=1 Win=253 Len=1"
"217","21.451165","142.250.102.188","192.168.100.9","TCP","66","5228  >  54619 [ACK] Seq=1 Ack=2 Win=1046 Len=0 SLE=1 SRE=2"
"218","21.493909","142.250.102.188","192.168.100.9","TCP","66","5228  >  54620 [ACK] Seq=1 Ack=2 Win=1046 Len=0 SLE=1 SRE=2"
"219","22.238718","20.198.118.190","192.168.100.9","TLSv1.2","433","Application Data"
"220","22.249203","192.168.100.9","20.198.118.190","TLSv1.2","188","Application Data"
"221","22.378027","20.198.118.190","192.168.100.9","TCP","60","443  >  54600 [ACK] Seq=380 Ack=135 Win=6853 Len=0"
"222","22.424500","192.168.100.9","157.240.227.61","TCP","66","59957  >  5222 [SYN] Seq=0 Win=65535 Len=0 MSS=1460 WS=256 SACK_PERM"
"223","22.475163","157.240.227.61","192.168.100.9","TCP","66","5222  >  59957 [SYN, ACK] Seq=0 Ack=1 Win=65535 Len=0 MSS=1392 SACK_PERM WS=256"
"224","22.475449","192.168.100.9","157.240.227.61","TCP","54","59957  >  5222 [ACK] Seq=1 Ack=1 Win=65280 Len=0"
"225","22.476663","192.168.100.9","157.240.227.61","TCP","292","59957  >  5222 [PSH, ACK] Seq=1 Ack=1 Win=65280 Len=238 [TCP PDU reassembled in 375]"
"226","22.529378","157.240.227.61","192.168.100.9","TCP","54","5222  >  59957 [ACK] Seq=1 Ack=239 Win=66816 Len=0"
"227","22.699470","157.240.227.61","192.168.100.9","TCP","111","5222  >  59957 [PSH, ACK] Seq=1 Ack=239 Win=66816 Len=57 [TCP PDU reassembled in 245]"
"228","22.699470","157.240.227.61","192.168.100.9","TCP","151","5222  >  59957 [PSH, ACK] Seq=58 Ack=239 Win=66816 Len=97 [TCP PDU reassembled in 245]"
"229","22.699664","192.168.100.9","157.240.227.61","TCP","54","59957  >  5222 [ACK] Seq=239 Ack=155 Win=65280 Len=0"
"230","22.722242","192.168.100.9","157.240.227.61","TCP","107","59957  >  5222 [PSH, ACK] Seq=239 Ack=155 Win=65280 Len=53 [TCP PDU reassembled in 375]"
"231","22.762777","157.240.227.61","192.168.100.9","TCP","60","5222  >  59957 [ACK] Seq=155 Ack=292 Win=66816 Len=0"
"232","22.846532","157.240.227.61","192.168.100.9","TCP","100","5222  >  59957 [PSH, ACK] Seq=155 Ack=292 Win=66816 Len=46 [TCP PDU reassembled in 245]"
"233","22.846532","157.240.227.61","192.168.100.9","TCP","107","5222  >  59957 [PSH, ACK] Seq=201 Ack=292 Win=66816 Len=53 [TCP PDU reassembled in 245]"
"234","22.846646","192.168.100.9","157.240.227.61","TCP","54","59957  >  5222 [ACK] Seq=292 Ack=254 Win=65280 Len=0"
"235","22.847951","192.168.100.9","157.240.227.61","TCP","89","59957  >  5222 [PSH, ACK] Seq=292 Ack=254 Win=65280 Len=35 [TCP PDU reassembled in 375]"
"236","22.848212","192.168.100.9","157.240.227.61","TCP","102","59957  >  5222 [PSH, ACK] Seq=327 Ack=254 Win=65280 Len=48 [TCP PDU reassembled in 375]"
"237","22.848376","192.168.100.9","157.240.227.61","TCP","95","59957  >  5222 [PSH, ACK] Seq=375 Ack=254 Win=65280 Len=41 [TCP PDU reassembled in 375]"
"238","22.848520","192.168.100.9","157.240.227.61","TCP","90","59957  >  5222 [PSH, ACK] Seq=416 Ack=254 Win=65280 Len=36 [TCP PDU reassembled in 375]"
"239","22.908453","157.240.227.61","192.168.100.9","TCP","103","5222  >  59957 [PSH, ACK] Seq=254 Ack=452 Win=66816 Len=49 [TCP PDU reassembled in 245]"
"240","22.910122","157.240.227.61","192.168.100.9","TCP","91","[TCP Previous segment not captured] 5222  >  59957 [PSH, ACK] Seq=1455 Ack=452 Win=66816 Len=37 [TCP PDU reassembled in 255]"
"241","22.910161","192.168.100.9","157.240.227.61","TCP","66","59957  >  5222 [ACK] Seq=452 Ack=303 Win=65024 Len=0 SLE=1455 SRE=1492"
"242","22.942908","157.240.227.61","192.168.100.9","TCP","117","5222  >  59957 [PSH, ACK] Seq=1492 Ack=452 Win=66816 Len=63 [TCP PDU reassembled in 255]"
"243","22.942961","192.168.100.9","157.240.227.61","TCP","66","[TCP Dup ACK 241#1] 59957  >  5222 [ACK] Seq=452 Ack=303 Win=65024 Len=0 SLE=1455 SRE=1555"
"244","22.951693","192.168.100.9","157.240.227.61","TCP","199","59957  >  5222 [PSH, ACK] Seq=452 Ack=303 Win=65024 Len=145 [TCP PDU reassembled in 375]"
"245","22.968096","157.240.227.61","192.168.100.9","TCP","1206","[TCP Out-Of-Order] 5222  >  59957 [PSH, ACK] Seq=303 Ack=452 Win=66816 Len=1152"
"246","22.968214","192.168.100.9","157.240.227.61","TCP","54","59957  >  5222 [ACK] Seq=597 Ack=1555 Win=65280 Len=0"
"247","23.032630","157.240.227.61","192.168.100.9","TCP","60","5222  >  59957 [ACK] Seq=1555 Ack=597 Win=67840 Len=0"
"248","23.090016","157.240.227.61","192.168.100.9","TCP","97","[TCP Previous segment not captured] 5222  >  59957 [PSH, ACK] Seq=1609 Ack=597 Win=67840 Len=43 [TCP PDU reassembled in 405]"
"249","23.090068","192.168.100.9","157.240.227.61","TCP","66","[TCP Dup ACK 246#1] 59957  >  5222 [ACK] Seq=597 Ack=1555 Win=65280 Len=0 SLE=1609 SRE=1652"
"250","23.094990","157.240.227.61","192.168.100.9","TCP","166","5222  >  59957 [PSH, ACK] Seq=1652 Ack=597 Win=67840 Len=112 [TCP PDU reassembled in 405]"
"251","23.095036","192.168.100.9","157.240.227.61","TCP","66","[TCP Dup ACK 246#2] 59957  >  5222 [ACK] Seq=597 Ack=1555 Win=65280 Len=0 SLE=1609 SRE=1764"
"252","23.109198","192.168.100.9","157.240.227.61","TCP","100","59957  >  5222 [PSH, ACK] Seq=597 Ack=1555 Win=65280 Len=46 [TCP PDU reassembled in 375]"
"253","23.116960","157.240.227.61","192.168.100.9","TCP","550","5222  >  59957 [PSH, ACK] Seq=1764 Ack=597 Win=67840 Len=496 [TCP PDU reassembled in 405]"
"254","23.117016","192.168.100.9","157.240.227.61","TCP","66","[TCP Dup ACK 246#3] 59957  >  5222 [ACK] Seq=643 Ack=1555 Win=65280 Len=0 SLE=1609 SRE=2260"
"255","23.132351","157.240.227.61","192.168.100.9","TCP","108","[TCP Fast Retransmission] 5222  >  59957 [PSH, ACK] Seq=1555 Ack=597 Win=67840 Len=54 [TCP PDU reassembled in 255]"
"256","23.132484","192.168.100.9","157.240.227.61","TCP","54","59957  >  5222 [ACK] Seq=643 Ack=2260 Win=64768 Len=0"
"257","23.135552","192.168.100.9","157.240.227.61","TCP","121","59957  >  5222 [PSH, ACK] Seq=643 Ack=2260 Win=64768 Len=67 [TCP PDU reassembled in 375]"
"258","23.135878","192.168.100.9","157.240.227.61","TCP","90","59957  >  5222 [PSH, ACK] Seq=710 Ack=2260 Win=64768 Len=36 [TCP PDU reassembled in 375]"
"259","23.154283","157.240.227.61","192.168.100.9","TCP","60","5222  >  59957 [ACK] Seq=2260 Ack=643 Win=67840 Len=0"
"260","23.157088","192.168.100.9","157.240.227.60","TLSv1.2","224","Application Data"
"261","23.176477","157.240.227.61","192.168.100.9","TCP","60","5222  >  59957 [ACK] Seq=2260 Ack=746 Win=67840 Len=0"
"262","23.178599","157.240.227.61","192.168.100.9","TCP","581","5222  >  59957 [PSH, ACK] Seq=2260 Ack=746 Win=67840 Len=527 [TCP PDU reassembled in 405]"
"263","23.190993","192.168.100.9","118.103.224.34","TLSv1.2","91","Application Data"
"264","23.195162","118.103.224.34","192.168.100.9","TLSv1.2","89","Application Data"
"265","23.195288","192.168.100.9","118.103.224.34","TCP","54","59948  >  443 [ACK] Seq=38 Ack=36 Win=1023 Len=0"
"266","23.195869","118.103.224.34","192.168.100.9","TLSv1.2","225","Application Data"
"267","23.195869","118.103.224.34","192.168.100.9","TLSv1.2","77","Application Data"
"268","23.195979","192.168.100.9","118.103.224.34","TCP","54","59948  >  443 [ACK] Seq=38 Ack=230 Win=1023 Len=0"
"269","23.196227","118.103.224.34","192.168.100.9","TCP","2838","443  >  59948 [ACK] Seq=230 Ack=38 Win=123 Len=2784 [TCP PDU reassembled in 270]"
"270","23.196227","118.103.224.34","192.168.100.9","TLSv1.2","939","Application Data"
"271","23.196353","192.168.100.9","118.103.224.34","TCP","54","59948  >  443 [ACK] Seq=38 Ack=3899 Win=1024 Len=0"
"272","23.199113","157.240.227.60","192.168.100.9","TLSv1.2","89","Application Data"
"273","23.199210","192.168.100.9","157.240.227.60","TCP","54","59949  >  443 [ACK] Seq=171 Ack=36 Win=1022 Len=0"
"274","23.200067","157.240.227.60","192.168.100.9","TLSv1.2","295","Application Data"
"275","23.200148","192.168.100.9","157.240.227.60","TCP","54","59949  >  443 [ACK] Seq=171 Ack=277 Win=1021 Len=0"
"276","23.200524","157.240.227.60","192.168.100.9","TCP","2838","443  >  59949 [PSH, ACK] Seq=277 Ack=171 Win=272 Len=2784 [TCP PDU reassembled in 313]"
"277","23.200591","192.168.100.9","157.240.227.60","TCP","54","59949  >  443 [ACK] Seq=171 Ack=3061 Win=1024 Len=0"
"278","23.201242","157.240.227.60","192.168.100.9","TCP","1446","443  >  59949 [ACK] Seq=3061 Ack=171 Win=272 Len=1392 [TCP PDU reassembled in 313]"
"279","23.201313","192.168.100.9","157.240.227.60","TCP","54","59949  >  443 [ACK] Seq=171 Ack=4453 Win=1024 Len=0"
"280","23.202731","157.240.227.60","192.168.100.9","TCP","1446","[TCP Previous segment not captured] 443  >  59949 [ACK] Seq=5845 Ack=171 Win=272 Len=1392 [TCP PDU reassembled in 313]"
"281","23.202778","192.168.100.9","157.240.227.60","TCP","66","[TCP Dup ACK 279#1] 59949  >  443 [ACK] Seq=171 Ack=4453 Win=1024 Len=0 SLE=5845 SRE=7237"
"282","23.203112","157.240.227.60","192.168.100.9","TCP","1446","443  >  59949 [PSH, ACK] Seq=7237 Ack=171 Win=272 Len=1392 [TCP PDU reassembled in 313]"
"283","23.203146","192.168.100.9","157.240.227.60","TCP","66","[TCP Dup ACK 279#2] 59949  >  443 [ACK] Seq=171 Ack=4453 Win=1024 Len=0 SLE=5845 SRE=8629"
"284","23.205409","157.240.227.60","192.168.100.9","TCP","1446","[TCP Previous segment not captured] 443  >  59949 [ACK] Seq=14197 Ack=171 Win=272 Len=1392 [TCP PDU reassembled in 313]"
"285","23.205479","192.168.100.9","157.240.227.60","TCP","74","[TCP Dup ACK 279#3] 59949  >  443 [ACK] Seq=171 Ack=4453 Win=1024 Len=0 SLE=14197 SRE=15589 SLE=5845 SRE=8629"
"286","23.206376","157.240.227.60","192.168.100.9","TLSv1.2","1446","[TCP Previous segment not captured] , Ignored Unknown Record"
"287","23.206444","192.168.100.9","157.240.227.60","TCP","82","[TCP Dup ACK 279#4] 59949  >  443 [ACK] Seq=171 Ack=4453 Win=1024 Len=0 SLE=16981 SRE=18373 SLE=14197 SRE=15589 SLE=5845 SRE=8629"
"288","23.206984","157.240.227.60","192.168.100.9","TLSv1.2","1446","[TCP Previous segment not captured] , Ignored Unknown Record"
"289","23.207017","192.168.100.9","157.240.227.60","TCP","90","[TCP Dup ACK 279#5] 59949  >  443 [ACK] Seq=171 Ack=4453 Win=1024 Len=0 SLE=19765 SRE=21157 SLE=16981 SRE=18373 SLE=14197 SRE=15589 SLE=5845 SRE=8629"
"290","23.208012","157.240.227.60","192.168.100.9","TLSv1.2","1446","[TCP Previous segment not captured] , Ignored Unknown Record"
"291","23.208056","192.168.100.9","157.240.227.60","TCP","90","[TCP Dup ACK 279#6] 59949  >  443 [ACK] Seq=171 Ack=4453 Win=1024 Len=0 SLE=22549 SRE=23941 SLE=19765 SRE=21157 SLE=16981 SRE=18373 SLE=14197 SRE=15589"
"292","23.209062","157.240.227.60","192.168.100.9","TLSv1.2","1446","[TCP Previous segment not captured] , Ignored Unknown Record"
"293","23.209110","192.168.100.9","157.240.227.60","TCP","90","[TCP Dup ACK 279#7] 59949  >  443 [ACK] Seq=171 Ack=4453 Win=1024 Len=0 SLE=25333 SRE=26725 SLE=22549 SRE=23941 SLE=19765 SRE=21157 SLE=16981 SRE=18373"
"294","23.210754","157.240.227.60","192.168.100.9","TLSv1.2","1446","[TCP Previous segment not captured] , Ignored Unknown Record"
"295","23.210818","192.168.100.9","157.240.227.60","TCP","90","[TCP Dup ACK 279#8] 59949  >  443 [ACK] Seq=171 Ack=4453 Win=1024 Len=0 SLE=30901 SRE=32293 SLE=25333 SRE=26725 SLE=22549 SRE=23941 SLE=19765 SRE=21157"
"296","23.212701","157.240.227.60","192.168.100.9","TLSv1.2","1446","[TCP Previous segment not captured] , Ignored Unknown Record"
"297","23.212741","192.168.100.9","157.240.227.60","TCP","90","[TCP Dup ACK 279#9] 59949  >  443 [ACK] Seq=171 Ack=4453 Win=1024 Len=0 SLE=36469 SRE=37861 SLE=30901 SRE=32293 SLE=25333 SRE=26725 SLE=22549 SRE=23941"
"298","23.214579","157.240.227.60","192.168.100.9","TLSv1.2","1446","[TCP Previous segment not captured] , Ignored Unknown Record"
"299","23.214626","192.168.100.9","157.240.227.60","TCP","90","[TCP Dup ACK 279#10] 59949  >  443 [ACK] Seq=171 Ack=4453 Win=1024 Len=0 SLE=42037 SRE=43429 SLE=36469 SRE=37861 SLE=30901 SRE=32293 SLE=25333 SRE=26725"
"300","23.215629","157.240.227.60","192.168.100.9","TLSv1.2","1446","[TCP Previous segment not captured] , Ignored Unknown Record"
"301","23.215668","192.168.100.9","157.240.227.60","TCP","90","[TCP Dup ACK 279#11] 59949  >  443 [ACK] Seq=171 Ack=4453 Win=1024 Len=0 SLE=44821 SRE=46213 SLE=42037 SRE=43429 SLE=36469 SRE=37861 SLE=30901 SRE=32293"
"302","23.218406","157.240.227.60","192.168.100.9","TLSv1.2","1446","[TCP Previous segment not captured] , Ignored Unknown Record"
"303","23.218447","192.168.100.9","157.240.227.60","TCP","90","[TCP Dup ACK 279#12] 59949  >  443 [ACK] Seq=171 Ack=4453 Win=1024 Len=0 SLE=53173 SRE=54565 SLE=44821 SRE=46213 SLE=42037 SRE=43429 SLE=36469 SRE=37861"
"304","23.229767","192.168.100.9","157.240.227.61","TCP","54","59957  >  5222 [ACK] Seq=746 Ack=2787 Win=64256 Len=0"
"305","23.260240","157.240.227.60","192.168.100.9","TCP","1446","[TCP Retransmission] 443  >  59949 [ACK] Seq=4453 Ack=171 Win=272 Len=1392 [TCP PDU reassembled in 313]"
"306","23.260354","192.168.100.9","157.240.227.60","TCP","90","59949  >  443 [ACK] Seq=171 Ack=8629 Win=1024 Len=0 SLE=53173 SRE=54565 SLE=44821 SRE=46213 SLE=42037 SRE=43429 SLE=36469 SRE=37861"
"307","23.302128","157.240.227.60","192.168.100.9","TCP","1446","[TCP Retransmission] 443  >  59949 [ACK] Seq=8629 Ack=171 Win=272 Len=1392 [TCP PDU reassembled in 313]"
"308","23.302323","192.168.100.9","157.240.227.60","TCP","90","59949  >  443 [ACK] Seq=171 Ack=10021 Win=1024 Len=0 SLE=53173 SRE=54565 SLE=44821 SRE=46213 SLE=42037 SRE=43429 SLE=36469 SRE=37861"
"309","23.343628","157.240.227.60","192.168.100.9","TCP","1446","[TCP Retransmission] 443  >  59949 [ACK] Seq=15589 Ack=171 Win=272 Len=1392"
"310","23.343724","192.168.100.9","157.240.227.60","TCP","90","[TCP Dup ACK 308#1] 59949  >  443 [ACK] Seq=171 Ack=10021 Win=1024 Len=0 SLE=14197 SRE=18373 SLE=53173 SRE=54565 SLE=44821 SRE=46213 SLE=42037 SRE=43429"
"311","23.385291","157.240.227.60","192.168.100.9","TCP","1446","[TCP Retransmission] 443  >  59949 [ACK] Seq=10021 Ack=171 Win=272 Len=1392 [TCP PDU reassembled in 313]"
"312","23.385456","192.168.100.9","157.240.227.60","TCP","90","59949  >  443 [ACK] Seq=171 Ack=11413 Win=1024 Len=0 SLE=14197 SRE=18373 SLE=53173 SRE=54565 SLE=44821 SRE=46213 SLE=42037 SRE=43429"
"313","23.386736","157.240.227.60","192.168.100.9","TCP","2838","[TCP Retransmission] 443  >  59949 [PSH, ACK] Seq=11413 Ack=171 Win=272 Len=2784"
"314","23.386943","192.168.100.9","157.240.227.60","TCP","90","59949  >  443 [ACK] Seq=171 Ack=18373 Win=1024 Len=0 SLE=53173 SRE=54565 SLE=44821 SRE=46213 SLE=42037 SRE=43429 SLE=36469 SRE=37861"
"315","23.427037","157.240.227.60","192.168.100.9","TCP","1446","[TCP Retransmission] 443  >  59949 [ACK] Seq=21157 Ack=171 Win=272 Len=1392"
"316","23.427137","192.168.100.9","157.240.227.60","TCP","90","[TCP Dup ACK 314#1] 59949  >  443 [ACK] Seq=171 Ack=18373 Win=1024 Len=0 SLE=19765 SRE=23941 SLE=53173 SRE=54565 SLE=44821 SRE=46213 SLE=42037 SRE=43429"
"317","23.427644","157.240.227.60","192.168.100.9","TCP","1446","[TCP Retransmission] 443  >  59949 [ACK] Seq=23941 Ack=171 Win=272 Len=1392"
"318","23.427734","192.168.100.9","157.240.227.60","TCP","90","[TCP Dup ACK 314#2] 59949  >  443 [ACK] Seq=171 Ack=18373 Win=1024 Len=0 SLE=19765 SRE=26725 SLE=53173 SRE=54565 SLE=44821 SRE=46213 SLE=42037 SRE=43429"
"319","23.428690","157.240.227.60","192.168.100.9","TLSv1.2","1446","[TCP Fast Retransmission] , Ignored Unknown Record"
"320","23.428790","192.168.100.9","157.240.227.60","TCP","90","[TCP Dup ACK 314#3] 59949  >  443 [ACK] Seq=171 Ack=18373 Win=1024 Len=0 SLE=19765 SRE=28117 SLE=53173 SRE=54565 SLE=44821 SRE=46213 SLE=42037 SRE=43429"
"321","23.467902","157.240.227.60","192.168.100.9","TCP","1446","[TCP Retransmission] 443  >  59949 [ACK] Seq=18373 Ack=171 Win=272 Len=1392"
"322","23.468118","192.168.100.9","157.240.227.60","TCP","90","59949  >  443 [ACK] Seq=171 Ack=28117 Win=1024 Len=0 SLE=53173 SRE=54565 SLE=44821 SRE=46213 SLE=42037 SRE=43429 SLE=36469 SRE=37861"
"323","23.468692","157.240.227.60","192.168.100.9","TCP","1446","[TCP Retransmission] 443  >  59949 [ACK] Seq=32293 Ack=171 Win=272 Len=1392"
"324","23.468781","192.168.100.9","157.240.227.60","TCP","90","[TCP Dup ACK 322#1] 59949  >  443 [ACK] Seq=171 Ack=28117 Win=1024 Len=0 SLE=30901 SRE=33685 SLE=53173 SRE=54565 SLE=44821 SRE=46213 SLE=42037 SRE=43429"
"325","23.469572","157.240.227.60","192.168.100.9","TCP","1446","[TCP Retransmission] 443  >  59949 [ACK] Seq=33685 Ack=171 Win=272 Len=1392"
"326","23.469675","192.168.100.9","157.240.227.60","TCP","90","[TCP Dup ACK 322#2] 59949  >  443 [ACK] Seq=171 Ack=28117 Win=1024 Len=0 SLE=30901 SRE=35077 SLE=53173 SRE=54565 SLE=44821 SRE=46213 SLE=42037 SRE=43429"
"327","23.470839","157.240.227.60","192.168.100.9","TLSv1.2","1446","[TCP Fast Retransmission] , Ignored Unknown Record"
"328","23.470967","192.168.100.9","157.240.227.60","TCP","90","[TCP Dup ACK 322#3] 59949  >  443 [ACK] Seq=171 Ack=28117 Win=1024 Len=0 SLE=39253 SRE=40645 SLE=30901 SRE=35077 SLE=53173 SRE=54565 SLE=44821 SRE=46213"
"329","23.471926","157.240.227.60","192.168.100.9","TLSv1.2","1446","[TCP Fast Retransmission] , Ignored Unknown Record"
"330","23.472021","192.168.100.9","157.240.227.60","TCP","90","[TCP Dup ACK 322#4] 59949  >  443 [ACK] Seq=171 Ack=28117 Win=1024 Len=0 SLE=42037 SRE=46213 SLE=39253 SRE=40645 SLE=30901 SRE=35077 SLE=53173 SRE=54565"
"331","23.472491","157.240.227.60","192.168.100.9","TLSv1.2","1446","[TCP Fast Retransmission] , Ignored Unknown Record"
"332","23.472560","192.168.100.9","157.240.227.60","TCP","90","[TCP Dup ACK 322#5] 59949  >  443 [ACK] Seq=171 Ack=28117 Win=1024 Len=0 SLE=47605 SRE=48997 SLE=42037 SRE=46213 SLE=39253 SRE=40645 SLE=30901 SRE=35077"
"333","23.473335","157.240.227.60","192.168.100.9","TLSv1.2","1446","[TCP Fast Retransmission] , Ignored Unknown Record"
"334","23.473409","192.168.100.9","157.240.227.60","TCP","90","[TCP Dup ACK 322#6] 59949  >  443 [ACK] Seq=171 Ack=28117 Win=1024 Len=0 SLE=50389 SRE=51781 SLE=47605 SRE=48997 SLE=42037 SRE=46213 SLE=39253 SRE=40645"
"335","23.474701","157.240.227.60","192.168.100.9","TLSv1.2","94","[TCP Previous segment not captured] , Ignored Unknown Record"
"336","23.474760","192.168.100.9","157.240.227.60","TCP","90","[TCP Dup ACK 322#7] 59949  >  443 [ACK] Seq=171 Ack=28117 Win=1024 Len=0 SLE=55957 SRE=55997 SLE=50389 SRE=51781 SLE=47605 SRE=48997 SLE=42037 SRE=46213"
"337","23.509528","157.240.227.60","192.168.100.9","TCP","1446","[TCP Retransmission] 443  >  59949 [ACK] Seq=28117 Ack=171 Win=272 Len=1392"
"338","23.509684","192.168.100.9","157.240.227.60","TCP","90","59949  >  443 [ACK] Seq=171 Ack=29509 Win=1024 Len=0 SLE=55957 SRE=55997 SLE=50389 SRE=51781 SLE=47605 SRE=48997 SLE=42037 SRE=46213"
"339","23.509889","157.240.227.60","192.168.100.9","TCP","1446","[TCP Retransmission] 443  >  59949 [PSH, ACK] Seq=29509 Ack=171 Win=272 Len=1392"
"340","23.510045","192.168.100.9","157.240.227.60","TCP","90","59949  >  443 [ACK] Seq=171 Ack=35077 Win=1024 Len=0 SLE=55957 SRE=55997 SLE=50389 SRE=51781 SLE=47605 SRE=48997 SLE=42037 SRE=46213"
"341","23.511248","157.240.227.60","192.168.100.9","TCP","1446","[TCP Retransmission] 443  >  59949 [ACK] Seq=35077 Ack=171 Win=272 Len=1392"
"342","23.511372","192.168.100.9","157.240.227.60","TCP","90","59949  >  443 [ACK] Seq=171 Ack=37861 Win=1024 Len=0 SLE=55957 SRE=55997 SLE=50389 SRE=51781 SLE=47605 SRE=48997 SLE=42037 SRE=46213"
"343","23.514310","157.240.227.60","192.168.100.9","TCP","1446","[TCP Retransmission] 443  >  59949 [ACK] Seq=48997 Ack=171 Win=272 Len=1392"
"344","23.514381","192.168.100.9","157.240.227.60","TCP","90","[TCP Dup ACK 342#1] 59949  >  443 [ACK] Seq=171 Ack=37861 Win=1024 Len=0 SLE=47605 SRE=51781 SLE=55957 SRE=55997 SLE=42037 SRE=46213 SLE=39253 SRE=40645"
"345","23.550558","157.240.227.60","192.168.100.9","TCP","1446","[TCP Retransmission] 443  >  59949 [ACK] Seq=51781 Ack=171 Win=272 Len=1392"
"346","23.550558","157.240.227.60","192.168.100.9","TCP","1446","[TCP Retransmission] 443  >  59949 [ACK] Seq=54565 Ack=171 Win=272 Len=1392"
"347","23.550617","192.168.100.9","157.240.227.60","TCP","90","[TCP Dup ACK 342#2] 59949  >  443 [ACK] Seq=171 Ack=37861 Win=1024 Len=0 SLE=47605 SRE=54565 SLE=55957 SRE=55997 SLE=42037 SRE=46213 SLE=39253 SRE=40645"
"348","23.550667","192.168.100.9","157.240.227.60","TCP","82","[TCP Dup ACK 342#3] 59949  >  443 [ACK] Seq=171 Ack=37861 Win=1024 Len=0 SLE=47605 SRE=55997 SLE=42037 SRE=46213 SLE=39253 SRE=40645"
"349","23.556278","157.240.227.60","192.168.100.9","TLSv1.2","1446","[TCP Fast Retransmission] , Ignored Unknown Record"
"350","23.556278","157.240.227.60","192.168.100.9","TLSv1.2","1446","[TCP Fast Retransmission] , Ignored Unknown Record"
"351","23.556417","192.168.100.9","157.240.227.60","TCP","74","59949  >  443 [ACK] Seq=171 Ack=40645 Win=1024 Len=0 SLE=47605 SRE=55997 SLE=42037 SRE=46213"
"352","23.556532","192.168.100.9","157.240.227.60","TCP","66","59949  >  443 [ACK] Seq=171 Ack=46213 Win=1002 Len=0 SLE=47605 SRE=55997"
"353","23.556554","192.168.100.9","157.240.227.60","TCP","66","[TCP Dup ACK 352#1] 59949  >  443 [ACK] Seq=171 Ack=46213 Win=1024 Len=0 SLE=47605 SRE=55997"
"354","23.613370","157.240.227.61","192.168.100.9","TCP","96","5222  >  59957 [PSH, ACK] Seq=2787 Ack=746 Win=67840 Len=42 [TCP PDU reassembled in 405]"
"355","23.667096","192.168.100.9","157.240.227.61","TCP","54","59957  >  5222 [ACK] Seq=746 Ack=2829 Win=64256 Len=0"
"356","23.839667","157.240.227.60","192.168.100.9","TCP","1446","[TCP Retransmission] 443  >  59949 [ACK] Seq=46213 Ack=171 Win=272 Len=1392"
"357","23.839797","192.168.100.9","157.240.227.60","TCP","54","59949  >  443 [ACK] Seq=171 Ack=55997 Win=1024 Len=0"
"358","24.457305","192.168.100.9","142.250.181.133","TCP","55","59943  >  443 [ACK] Seq=1 Ack=1 Win=255 Len=1 [TCP PDU reassembled in 632]"
"359","24.708966","192.168.100.9","35.174.127.31","TLSv1.2","293","Application Data"
"360","24.996059","35.174.127.31","192.168.100.9","TLSv1.2","316","Application Data"
"361","25.044274","192.168.100.9","35.174.127.31","TCP","54","54595  >  443 [ACK] Seq=480 Ack=529 Win=252 Len=0"
"362","26.788352","192.168.100.9","142.250.181.133","TCP","55","59942  >  443 [ACK] Seq=1 Ack=1 Win=252 Len=1"
"363","26.833311","142.250.181.133","192.168.100.9","TCP","66","443  >  59942 [ACK] Seq=1 Ack=2 Win=1045 Len=0 SLE=1 SRE=2"
"364","29.074833","192.168.100.9","20.195.84.16","TLSv1.2","85","Application Data"
"365","29.201516","20.195.84.16","192.168.100.9","TCP","54","443  >  54660 [ACK] Seq=55 Ack=91 Win=501 Len=0"
"366","31.943422","192.168.100.9","192.168.100.1","DNS","76","Standard query 0x56da A ocsp.entrust.net"
"367","31.989930","192.168.100.1","192.168.100.9","DNS","335","Standard query response 0x56da A ocsp.entrust.net CNAME ocsp.entrust.net.edgekey.net CNAME e6913.dscx.akamaiedge.net A 23.207.182.126 NS n7dscx.akamaiedge.net NS n6dscx.akamaiedge.net NS n0dscx.akamaiedge.net NS n2dscx.akamaiedge.net NS n4dscx.akamaiedge.net NS n3dscx.akamaiedge.net NS n5dscx.akamaiedge.net NS n1dscx.akamaiedge.net"
"368","32.029076","192.168.100.9","192.168.100.1","DNS","83","Standard query 0xe0de A ctldl.windowsupdate.com"
"369","32.038259","192.168.100.1","192.168.100.9","DNS","323","Standard query response 0xe0de A ctldl.windowsupdate.com CNAME ctldl.windowsupdate.com.delivery.microsoft.com CNAME wu-b-net.trafficmanager.net CNAME bg.microsoft.map.fastly.net A 151.101.142.172 NS ns4.fastly.net NS ns1.fastly.net NS ns3.fastly.net NS ns2.fastly.net A 104.156.80.32"
"370","35.780166","20.195.84.16","192.168.100.9","TLSv1.2","81","Application Data"
"371","35.828613","192.168.100.9","20.195.84.16","TCP","54","54660  >  443 [ACK] Seq=91 Ack=82 Win=253 Len=0"
"372","39.945123","192.168.100.9","20.195.84.16","TLSv1.2","82","Application Data"
"373","39.952800","157.240.227.61","192.168.100.9","TCP","950","5222  >  59957 [PSH, ACK] Seq=2829 Ack=746 Win=67840 Len=896 [TCP PDU reassembled in 405]"
"374","40.006410","192.168.100.9","157.240.227.61","TCP","95","59957  >  5222 [PSH, ACK] Seq=746 Ack=3725 Win=65280 Len=41 [TCP PDU reassembled in 375]"
"375","40.007172","192.168.100.9","157.240.227.61","TCP","121","59957  >  5222 [PSH, ACK] Seq=787 Ack=3725 Win=65280 Len=67 [TCP PDU reassembled in 375]"
"376","40.039759","192.168.100.9","157.240.227.60","TLSv1.2","218","Application Data"
"377","40.048912","157.240.227.61","192.168.100.9","TCP","60","5222  >  59957 [ACK] Seq=3725 Ack=854 Win=67840 Len=0"
"378","40.065108","20.195.84.16","192.168.100.9","TCP","60","443  >  54660 [ACK] Seq=82 Ack=119 Win=501 Len=0"
"379","40.080868","157.240.227.60","192.168.100.9","TLSv1.2","89","Application Data"
"380","40.080951","192.168.100.9","157.240.227.60","TCP","54","59949  >  443 [ACK] Seq=335 Ack=56032 Win=1023 Len=0"
"381","40.082144","157.240.227.60","192.168.100.9","TLSv1.2","247","Application Data"
"382","40.082144","157.240.227.60","192.168.100.9","TCP","2838","443  >  59949 [PSH, ACK] Seq=56225 Ack=335 Win=277 Len=2784 [TCP PDU reassembled in 392]"
"383","40.082200","192.168.100.9","157.240.227.60","TCP","54","59949  >  443 [ACK] Seq=335 Ack=59009 Win=1024 Len=0"
"384","40.082967","157.240.227.60","192.168.100.9","TCP","2838","443  >  59949 [PSH, ACK] Seq=59009 Ack=335 Win=277 Len=2784 [TCP PDU reassembled in 392]"
"385","40.083030","192.168.100.9","157.240.227.60","TCP","54","59949  >  443 [ACK] Seq=335 Ack=61793 Win=1024 Len=0"
"386","40.083627","157.240.227.60","192.168.100.9","TCP","1446","443  >  59949 [ACK] Seq=61793 Ack=335 Win=277 Len=1392 [TCP PDU reassembled in 392]"
"387","40.083680","192.168.100.9","157.240.227.60","TCP","54","59949  >  443 [ACK] Seq=335 Ack=63185 Win=1024 Len=0"
"388","40.084184","157.240.227.60","192.168.100.9","TCP","1446","443  >  59949 [PSH, ACK] Seq=63185 Ack=335 Win=277 Len=1392 [TCP PDU reassembled in 392]"
"389","40.084248","192.168.100.9","157.240.227.60","TCP","54","59949  >  443 [ACK] Seq=335 Ack=64577 Win=1024 Len=0"
"390","40.085932","157.240.227.60","192.168.100.9","TCP","5622","443  >  59949 [PSH, ACK] Seq=64577 Ack=335 Win=277 Len=5568 [TCP PDU reassembled in 392]"
"391","40.085984","192.168.100.9","157.240.227.60","TCP","54","59949  >  443 [ACK] Seq=335 Ack=70145 Win=1024 Len=0"
"392","40.087380","157.240.227.60","192.168.100.9","TLSv1.2","2838","Application Data"
"393","40.087486","192.168.100.9","157.240.227.60","TCP","54","59949  >  443 [ACK] Seq=335 Ack=72929 Win=1024 Len=0"
"394","40.087641","157.240.227.60","192.168.100.9","TLSv1.2","2838","Application Data"
"395","40.087702","192.168.100.9","157.240.227.60","TCP","54","59949  >  443 [ACK] Seq=335 Ack=75713 Win=1024 Len=0"
"396","40.089316","157.240.227.60","192.168.100.9","TCP","2838","443  >  59949 [PSH, ACK] Seq=75713 Ack=335 Win=277 Len=2784 [TCP PDU reassembled in 403]"
"397","40.089392","192.168.100.9","157.240.227.60","TCP","54","59949  >  443 [ACK] Seq=335 Ack=78497 Win=1024 Len=0"
"398","40.089731","157.240.227.60","192.168.100.9","TCP","2838","443  >  59949 [PSH, ACK] Seq=78497 Ack=335 Win=277 Len=2784 [TCP PDU reassembled in 403]"
"399","40.089792","192.168.100.9","157.240.227.60","TCP","54","59949  >  443 [ACK] Seq=335 Ack=81281 Win=1024 Len=0"
"400","40.091133","157.240.227.60","192.168.100.9","TCP","2838","443  >  59949 [PSH, ACK] Seq=81281 Ack=335 Win=277 Len=2784 [TCP PDU reassembled in 403]"
"401","40.091225","192.168.100.9","157.240.227.60","TCP","54","59949  >  443 [ACK] Seq=335 Ack=84065 Win=1024 Len=0"
"402","40.092856","157.240.227.60","192.168.100.9","TCP","4230","443  >  59949 [PSH, ACK] Seq=84065 Ack=335 Win=277 Len=4176 [TCP PDU reassembled in 403]"
"403","40.092856","157.240.227.60","192.168.100.9","TLSv1.2","995","Application Data, Application Data"
"404","40.092970","192.168.100.9","157.240.227.60","TCP","54","59949  >  443 [ACK] Seq=335 Ack=89182 Win=1024 Len=0"
"405","40.227835","157.240.227.61","192.168.100.9","TCP","1119","5222  >  59957 [PSH, ACK] Seq=3725 Ack=854 Win=67840 Len=1065 [TCP PDU reassembled in 405]"
"406","40.264613","192.168.100.9","157.240.227.60","TCP","66","59960  >  443 [SYN] Seq=0 Win=65535 Len=0 MSS=1460 WS=256 SACK_PERM"
"407","40.264715","192.168.100.9","119.152.6.226","TCP","66","59961  >  443 [SYN] Seq=0 Win=65535 Len=0 MSS=1460 WS=256 SACK_PERM"
"408","40.265008","192.168.100.9","182.176.35.98","TCP","66","59962  >  443 [SYN] Seq=0 Win=65535 Len=0 MSS=1460 WS=256 SACK_PERM"
"409","40.265283","192.168.100.9","163.70.132.60","TCP","66","59963  >  443 [SYN] Seq=0 Win=65535 Len=0 MSS=1460 WS=256 SACK_PERM"
"410","40.266717","192.168.100.9","118.103.224.34","TLSv1.2","101","Application Data"
"411","40.267435","192.168.100.9","157.240.227.60","TLSv1.2","101","Application Data"
"412","40.270137","119.152.6.226","192.168.100.9","TCP","66","443  >  59961 [SYN, ACK] Seq=0 Ack=1 Win=32016 Len=0 MSS=1392 SACK_PERM WS=256"
"413","40.270137","182.176.35.98","192.168.100.9","TCP","66","443  >  59962 [SYN, ACK] Seq=0 Ack=1 Win=32016 Len=0 MSS=1392 SACK_PERM WS=256"
"414","40.270379","192.168.100.9","119.152.6.226","TCP","54","59961  >  443 [ACK] Seq=1 Ack=1 Win=262144 Len=0"
"415","40.270543","192.168.100.9","182.176.35.98","TCP","54","59962  >  443 [ACK] Seq=1 Ack=1 Win=262144 Len=0"
"416","40.271171","118.103.224.34","192.168.100.9","TLSv1.2","89","Application Data"
"417","40.271290","192.168.100.9","118.103.224.34","TCP","54","59948  >  443 [ACK] Seq=85 Ack=3934 Win=1023 Len=0"
"418","40.273092","118.103.224.34","192.168.100.9","TLSv1.2","137","Application Data"
"419","40.273092","118.103.224.34","192.168.100.9","TLSv1.2","85","Application Data"
"420","40.273161","192.168.100.9","118.103.224.34","TCP","54","59948  >  443 [ACK] Seq=85 Ack=4048 Win=1023 Len=0"
"421","40.275819","192.168.100.9","182.176.35.98","TLSv1.3","725","Client Hello (SNI=media.flhe3-1.fna.whatsapp.net)"
"422","40.276256","192.168.100.9","119.152.6.226","TLSv1.3","725","Client Hello (SNI=media.flhe3-2.fna.whatsapp.net)"
"423","40.277601","192.168.100.9","157.240.227.61","TCP","54","59957  >  5222 [ACK] Seq=854 Ack=4790 Win=64256 Len=0"
"424","40.280308","119.152.6.226","192.168.100.9","TCP","54","443  >  59961 [ACK] Seq=1 Ack=672 Win=31488 Len=0"
"425","40.280308","119.152.6.226","192.168.100.9","TLSv1.3","266","Server Hello, Change Cipher Spec, Application Data"
"426","40.280439","192.168.100.9","119.152.6.226","TCP","54","59961  >  443 [ACK] Seq=672 Ack=213 Win=261888 Len=0"
"427","40.280542","182.176.35.98","192.168.100.9","TCP","54","443  >  59962 [ACK] Seq=1 Ack=672 Win=31488 Len=0"
"428","40.280812","182.176.35.98","192.168.100.9","TLSv1.3","266","Server Hello, Change Cipher Spec, Application Data"
"429","40.280933","192.168.100.9","182.176.35.98","TCP","54","59962  >  443 [ACK] Seq=672 Ack=213 Win=261888 Len=0"
"430","40.294012","192.168.100.9","182.176.35.98","TLSv1.3","118","Change Cipher Spec, Application Data"
"431","40.294565","192.168.100.9","182.176.35.98","TLSv1.3","134","Application Data"
"432","40.295198","192.168.100.9","119.152.6.226","TLSv1.3","118","Change Cipher Spec, Application Data"
"433","40.295700","192.168.100.9","119.152.6.226","TLSv1.3","134","Application Data"
"434","40.298894","182.176.35.98","192.168.100.9","TCP","60","443  >  59962 [ACK] Seq=213 Ack=816 Win=31488 Len=0"
"435","40.298894","182.176.35.98","192.168.100.9","TLSv1.3","237","Application Data"
"436","40.298995","192.168.100.9","182.176.35.98","TCP","54","59962  >  443 [ACK] Seq=816 Ack=396 Win=261632 Len=0"
"437","40.299650","182.176.35.98","192.168.100.9","TLSv1.3","128","Application Data"
"438","40.299650","182.176.35.98","192.168.100.9","TLSv1.3","85","Application Data"
"439","40.299650","119.152.6.226","192.168.100.9","TCP","60","443  >  59961 [ACK] Seq=213 Ack=816 Win=31488 Len=0"
"440","40.299733","192.168.100.9","182.176.35.98","TCP","54","59962  >  443 [ACK] Seq=816 Ack=501 Win=261632 Len=0"
"441","40.300031","119.152.6.226","192.168.100.9","TLSv1.3","237","Application Data"
"442","40.300031","119.152.6.226","192.168.100.9","TLSv1.3","128","Application Data"
"443","40.300031","119.152.6.226","192.168.100.9","TLSv1.3","85","Application Data"
"444","40.300124","192.168.100.9","119.152.6.226","TCP","54","59961  >  443 [ACK] Seq=816 Ack=501 Win=261632 Len=0"
"445","40.300354","192.168.100.9","182.176.35.98","TLSv1.3","85","Application Data"
"446","40.301324","192.168.100.9","119.152.6.226","TLSv1.3","85","Application Data"
"447","40.303490","192.168.100.9","182.176.35.98","TLSv1.3","186","Application Data"
"448","40.304283","192.168.100.9","119.152.6.226","TLSv1.3","186","Application Data"
"449","40.306926","157.240.227.60","192.168.100.9","TCP","66","443  >  59960 [SYN, ACK] Seq=0 Ack=1 Win=65535 Len=0 MSS=1392 SACK_PERM WS=256"
"450","40.307090","192.168.100.9","157.240.227.60","TCP","54","59960  >  443 [ACK] Seq=1 Ack=1 Win=262144 Len=0"
"451","40.307848","182.176.35.98","192.168.100.9","TCP","60","443  >  59962 [ACK] Seq=501 Ack=979 Win=31488 Len=0"
"452","40.307848","182.176.35.98","192.168.100.9","TLSv1.3","89","Application Data"
"453","40.307848","182.176.35.98","192.168.100.9","TLSv1.3","159","Application Data"
"454","40.307848","182.176.35.98","192.168.100.9","TLSv1.3","85","Application Data"
"455","40.307848","157.240.227.60","192.168.100.9","TLSv1.2","89","Application Data"
"456","40.308049","192.168.100.9","182.176.35.98","TCP","54","59962  >  443 [ACK] Seq=979 Ack=672 Win=261376 Len=0"
"457","40.308112","192.168.100.9","157.240.227.60","TCP","54","59949  >  443 [ACK] Seq=382 Ack=89217 Win=1023 Len=0"
"458","40.308443","157.240.227.60","192.168.100.9","TLSv1.2","137","Application Data"
"459","40.308443","119.152.6.226","192.168.100.9","TCP","60","443  >  59961 [ACK] Seq=501 Ack=979 Win=31488 Len=0"
"460","40.308443","157.240.227.60","192.168.100.9","TLSv1.2","85","Application Data"
"461","40.308443","119.152.6.226","192.168.100.9","TLSv1.3","89","Application Data"
"462","40.308443","119.152.6.226","192.168.100.9","TLSv1.3","159","Application Data"
"463","40.308443","119.152.6.226","192.168.100.9","TLSv1.3","85","Application Data"
"464","40.308586","192.168.100.9","157.240.227.60","TCP","54","59949  >  443 [ACK] Seq=382 Ack=89331 Win=1023 Len=0"
"465","40.308645","192.168.100.9","119.152.6.226","TCP","54","59961  >  443 [ACK] Seq=979 Ack=672 Win=261376 Len=0"
"466","40.313781","192.168.100.9","157.240.227.60","TLSv1.3","699","Client Hello (SNI=mmg.whatsapp.net)"
"467","40.354990","163.70.132.60","192.168.100.9","TCP","66","443  >  59963 [SYN, ACK] Seq=0 Ack=1 Win=65535 Len=0 MSS=1392 SACK_PERM WS=256"
"468","40.354990","157.240.227.60","192.168.100.9","TCP","54","443  >  59960 [ACK] Seq=1 Ack=646 Win=67072 Len=0"
"469","40.355264","192.168.100.9","163.70.132.60","TCP","54","59963  >  443 [ACK] Seq=1 Ack=1 Win=262144 Len=0"
"470","40.355530","157.240.227.60","192.168.100.9","TLSv1.3","266","Server Hello, Change Cipher Spec, Application Data"
"471","40.355725","192.168.100.9","157.240.227.60","TCP","54","59960  >  443 [ACK] Seq=646 Ack=213 Win=261888 Len=0"
"472","40.366517","192.168.100.9","163.70.132.60","TLSv1.3","712","Client Hello (SNI=media-kul2-1.cdn.whatsapp.net)"
"473","40.374338","192.168.100.9","157.240.227.60","TLSv1.3","118","Change Cipher Spec, Application Data"
"474","40.375044","192.168.100.9","157.240.227.60","TLSv1.3","134","Application Data"
"475","40.386184","192.168.100.9","157.240.227.60","TLSv1.3","173","Application Data"
"476","40.516941","157.240.227.60","192.168.100.9","TCP","60","443  >  59960 [ACK] Seq=213 Ack=790 Win=67072 Len=0"
"477","40.516941","157.240.227.60","192.168.100.9","TLSv1.3","225","Application Data"
"478","40.516941","157.240.227.60","192.168.100.9","TLSv1.3","128","Application Data"
"479","40.516941","157.240.227.60","192.168.100.9","TLSv1.3","85","Application Data"
"480","40.516941","157.240.227.60","192.168.100.9","TLSv1.3","89","Application Data"
"481","40.516941","157.240.227.60","192.168.100.9","TLSv1.3","159","Application Data"
"482","40.516941","157.240.227.60","192.168.100.9","TLSv1.3","85","Application Data"
"483","40.516941","163.70.132.60","192.168.100.9","TCP","54","443  >  59963 [ACK] Seq=1 Ack=659 Win=67072 Len=0"
"484","40.516941","163.70.132.60","192.168.100.9","TLSv1.3","266","Server Hello, Change Cipher Spec, Application Data"
"485","40.517309","192.168.100.9","157.240.227.60","TCP","54","59960  >  443 [ACK] Seq=909 Ack=660 Win=261376 Len=0"
"486","40.517457","192.168.100.9","163.70.132.60","TCP","54","59963  >  443 [ACK] Seq=659 Ack=213 Win=261888 Len=0"
"487","40.519986","192.168.100.9","157.240.227.60","TLSv1.3","85","Application Data"
"488","40.534315","192.168.100.9","163.70.132.60","TLSv1.3","118","Change Cipher Spec, Application Data"
"489","40.535078","192.168.100.9","163.70.132.60","TLSv1.3","134","Application Data"
"490","40.546334","192.168.100.9","163.70.132.60","TLSv1.3","182","Application Data"
"491","40.581913","157.240.227.60","192.168.100.9","TCP","85","[TCP Spurious Retransmission] 443  >  59960 [PSH, ACK] Seq=629 Ack=909 Win=67072 Len=31"
"492","40.581994","192.168.100.9","157.240.227.60","TCP","66","[TCP Dup ACK 485#1] 59960  >  443 [ACK] Seq=940 Ack=660 Win=261376 Len=0 SLE=629 SRE=660"
"493","40.611963","157.240.227.60","192.168.100.9","TCP","60","443  >  59960 [ACK] Seq=660 Ack=940 Win=67072 Len=0"
"494","40.624394","163.70.132.60","192.168.100.9","TCP","60","443  >  59963 [ACK] Seq=213 Ack=803 Win=67072 Len=0"
"495","40.624394","163.70.132.60","192.168.100.9","TLSv1.3","225","Application Data"
"496","40.624394","163.70.132.60","192.168.100.9","TLSv1.3","128","Application Data"
"497","40.624394","163.70.132.60","192.168.100.9","TLSv1.3","85","Application Data"
"498","40.624619","192.168.100.9","163.70.132.60","TCP","54","59963  >  443 [ACK] Seq=931 Ack=489 Win=261632 Len=0"
"499","40.626940","192.168.100.9","163.70.132.60","TLSv1.3","85","Application Data"
"500","40.636010","163.70.132.60","192.168.100.9","TLSv1.3","89","Application Data"
"501","40.636171","192.168.100.9","163.70.132.60","TCP","54","59963  >  443 [ACK] Seq=962 Ack=524 Win=261376 Len=0"
"502","40.637581","163.70.132.60","192.168.100.9","TLSv1.3","159","Application Data"
"503","40.637581","163.70.132.60","192.168.100.9","TLSv1.3","85","Application Data"
"504","40.637721","192.168.100.9","163.70.132.60","TCP","54","59963  >  443 [ACK] Seq=962 Ack=660 Win=261376 Len=0"
"505","40.719700","192.168.100.9","35.174.127.31","TLSv1.2","293","Application Data"
"506","40.758598","163.70.132.60","192.168.100.9","TCP","60","443  >  59963 [ACK] Seq=660 Ack=962 Win=68352 Len=0"
"507","41.009718","35.174.127.31","192.168.100.9","TLSv1.2","315","Application Data"
"508","41.058922","192.168.100.9","35.174.127.31","TCP","54","54595  >  443 [ACK] Seq=719 Ack=790 Win=251 Len=0"
"509","42.463052","192.168.100.9","157.240.227.61","TCP","54","59957  >  5222 [FIN, ACK] Seq=854 Ack=4790 Win=64256 Len=0"
"510","42.547113","157.240.227.61","192.168.100.9","TCP","60","5222  >  59957 [ACK] Seq=4790 Ack=855 Win=67840 Len=0"
"511","42.683305","157.240.227.61","192.168.100.9","TCP","54","5222  >  59957 [FIN, ACK] Seq=4790 Ack=855 Win=67840 Len=0"
"512","42.683480","192.168.100.9","157.240.227.61","TCP","54","59957  >  5222 [ACK] Seq=855 Ack=4791 Win=64256 Len=0"
"513","45.061360","192.168.100.9","20.195.84.16","TLSv1.2","85","Application Data"
"514","45.179373","20.195.84.16","192.168.100.9","TCP","54","443  >  54660 [ACK] Seq=82 Ack=150 Win=501 Len=0"
"515","48.764641","20.198.118.190","192.168.100.9","TLSv1.2","433","Application Data"
"516","48.775046","192.168.100.9","20.198.118.190","TLSv1.2","188","Application Data"
"517","48.894848","20.198.118.190","192.168.100.9","TCP","60","443  >  54600 [ACK] Seq=759 Ack=269 Win=8192 Len=0"
"518","48.935222","192.168.100.9","157.240.227.61","TCP","66","59964  >  5222 [SYN] Seq=0 Win=65535 Len=0 MSS=1460 WS=256 SACK_PERM"
"519","48.978402","157.240.227.61","192.168.100.9","TCP","66","5222  >  59964 [SYN, ACK] Seq=0 Ack=1 Win=65535 Len=0 MSS=1392 SACK_PERM WS=256"
"520","48.978686","192.168.100.9","157.240.227.61","TCP","54","59964  >  5222 [ACK] Seq=1 Ack=1 Win=65280 Len=0"
"521","48.979807","192.168.100.9","157.240.227.61","TCP","292","59964  >  5222 [PSH, ACK] Seq=1 Ack=1 Win=65280 Len=238 [TCP PDU reassembled in 548]"
"522","49.022298","157.240.227.61","192.168.100.9","TCP","54","5222  >  59964 [ACK] Seq=1 Ack=239 Win=66816 Len=0"
"523","49.203352","157.240.227.61","192.168.100.9","TCP","111","5222  >  59964 [PSH, ACK] Seq=1 Ack=239 Win=66816 Len=57 [TCP PDU reassembled in 559]"
"524","49.203352","157.240.227.61","192.168.100.9","TCP","151","5222  >  59964 [PSH, ACK] Seq=58 Ack=239 Win=66816 Len=97 [TCP PDU reassembled in 559]"
"525","49.203559","192.168.100.9","157.240.227.61","TCP","54","59964  >  5222 [ACK] Seq=239 Ack=155 Win=65280 Len=0"
"526","49.213899","192.168.100.9","157.240.227.61","TCP","107","59964  >  5222 [PSH, ACK] Seq=239 Ack=155 Win=65280 Len=53 [TCP PDU reassembled in 548]"
"527","49.264778","157.240.227.61","192.168.100.9","TCP","60","5222  >  59964 [ACK] Seq=155 Ack=292 Win=66816 Len=0"
"528","49.350854","157.240.227.61","192.168.100.9","TCP","100","5222  >  59964 [PSH, ACK] Seq=155 Ack=292 Win=66816 Len=46 [TCP PDU reassembled in 559]"
"529","49.351014","157.240.227.61","192.168.100.9","TCP","107","5222  >  59964 [PSH, ACK] Seq=201 Ack=292 Win=66816 Len=53 [TCP PDU reassembled in 559]"
"530","49.351107","192.168.100.9","157.240.227.61","TCP","54","59964  >  5222 [ACK] Seq=292 Ack=254 Win=65280 Len=0"
"531","49.351983","192.168.100.9","157.240.227.61","TCP","91","59964  >  5222 [PSH, ACK] Seq=292 Ack=254 Win=65280 Len=37 [TCP PDU reassembled in 548]"
"532","49.352158","192.168.100.9","157.240.227.61","TCP","102","59964  >  5222 [PSH, ACK] Seq=329 Ack=254 Win=65280 Len=48 [TCP PDU reassembled in 548]"
"533","49.352312","192.168.100.9","157.240.227.61","TCP","95","59964  >  5222 [PSH, ACK] Seq=377 Ack=254 Win=65280 Len=41 [TCP PDU reassembled in 548]"
"534","49.352528","192.168.100.9","157.240.227.61","TCP","90","59964  >  5222 [PSH, ACK] Seq=418 Ack=254 Win=65280 Len=36 [TCP PDU reassembled in 548]"
"535","49.399918","157.240.227.61","192.168.100.9","TCP","66","[TCP Dup ACK 527#1] 5222  >  59964 [ACK] Seq=254 Ack=292 Win=67840 Len=0 SLE=329 SRE=377"
"536","49.400105","157.240.227.61","192.168.100.9","TCP","66","[TCP Dup ACK 527#2] 5222  >  59964 [ACK] Seq=254 Ack=292 Win=68864 Len=0 SLE=329 SRE=418"
"537","49.400105","157.240.227.61","192.168.100.9","TCP","66","[TCP Dup ACK 527#3] 5222  >  59964 [ACK] Seq=254 Ack=292 Win=69888 Len=0 SLE=329 SRE=454"
"538","49.400144","192.168.100.9","157.240.227.61","TCP","216","[TCP Fast Retransmission] 59964  >  5222 [PSH, ACK] Seq=292 Ack=254 Win=65280 Len=162 [TCP PDU reassembled in 548]"
"539","49.415937","157.240.227.61","192.168.100.9","TCP","115","5222  >  59964 [PSH, ACK] Seq=254 Ack=292 Win=69888 Len=49 SLE=329 SRE=454 [TCP PDU reassembled in 559]"
"540","49.416289","157.240.227.61","192.168.100.9","TCP","425","5222  >  59964 [PSH, ACK] Seq=303 Ack=292 Win=69888 Len=359 SLE=329 SRE=454 [TCP PDU reassembled in 559]"
"541","49.416401","192.168.100.9","157.240.227.61","TCP","54","59964  >  5222 [ACK] Seq=454 Ack=662 Win=64768 Len=0"
"542","49.416651","157.240.227.61","192.168.100.9","TCP","103","5222  >  59964 [PSH, ACK] Seq=662 Ack=292 Win=69888 Len=37 SLE=329 SRE=454 [TCP PDU reassembled in 559]"
"543","49.443624","157.240.227.61","192.168.100.9","TCP","129","5222  >  59964 [PSH, ACK] Seq=699 Ack=292 Win=69888 Len=63 SLE=329 SRE=454 [TCP PDU reassembled in 559]"
"544","49.443753","192.168.100.9","157.240.227.61","TCP","54","59964  >  5222 [ACK] Seq=454 Ack=762 Win=64768 Len=0"
"545","49.444692","157.240.227.61","192.168.100.9","TCP","66","5222  >  59964 [ACK] Seq=762 Ack=454 Win=70912 Len=0 SLE=329 SRE=454"
"546","49.456656","192.168.100.9","157.240.227.61","TCP","201","59964  >  5222 [PSH, ACK] Seq=454 Ack=762 Win=64768 Len=147 [TCP PDU reassembled in 548]"
"547","49.469872","192.168.100.9","157.240.227.61","TCP","123","59964  >  5222 [PSH, ACK] Seq=601 Ack=762 Win=64768 Len=69 [TCP PDU reassembled in 548]"
"548","49.470262","192.168.100.9","157.240.227.61","TCP","88","59964  >  5222 [PSH, ACK] Seq=670 Ack=762 Win=64768 Len=34 [TCP PDU reassembled in 548]"
"549","49.499595","157.240.227.61","192.168.100.9","TCP","60","5222  >  59964 [ACK] Seq=762 Ack=601 Win=72192 Len=0"
"550","49.511343","157.240.227.61","192.168.100.9","TCP","60","5222  >  59964 [ACK] Seq=762 Ack=670 Win=72192 Len=0"
"551","49.511448","157.240.227.61","192.168.100.9","TCP","60","5222  >  59964 [ACK] Seq=762 Ack=704 Win=72192 Len=0"
"552","49.626667","157.240.227.61","192.168.100.9","TCP","108","5222  >  59964 [PSH, ACK] Seq=762 Ack=704 Win=72192 Len=54 [TCP PDU reassembled in 559]"
"553","49.646606","157.240.227.61","192.168.100.9","TCP","97","5222  >  59964 [PSH, ACK] Seq=816 Ack=704 Win=72192 Len=43 [TCP PDU reassembled in 559]"
"554","49.646721","192.168.100.9","157.240.227.61","TCP","54","59964  >  5222 [ACK] Seq=704 Ack=859 Win=64512 Len=0"
"555","49.653874","157.240.227.61","192.168.100.9","TCP","166","5222  >  59964 [PSH, ACK] Seq=859 Ack=704 Win=72192 Len=112 [TCP PDU reassembled in 559]"
"556","49.670356","157.240.227.61","192.168.100.9","TCP","550","5222  >  59964 [PSH, ACK] Seq=971 Ack=704 Win=72192 Len=496 [TCP PDU reassembled in 559]"
"557","49.670462","192.168.100.9","157.240.227.61","TCP","54","59964  >  5222 [ACK] Seq=704 Ack=1467 Win=65280 Len=0"
"558","49.691160","157.240.227.61","192.168.100.9","TCP","96","5222  >  59964 [PSH, ACK] Seq=1467 Ack=704 Win=72192 Len=42 [TCP PDU reassembled in 559]"
"559","49.691576","157.240.227.61","192.168.100.9","TCP","578","5222  >  59964 [PSH, ACK] Seq=1509 Ack=704 Win=72192 Len=524 [TCP PDU reassembled in 559]"
"560","49.691639","192.168.100.9","157.240.227.61","TCP","54","59964  >  5222 [ACK] Seq=704 Ack=2033 Win=64768 Len=0"
"561","49.704194","192.168.100.9","118.103.224.34","TLSv1.2","91","Application Data"
"562","49.715368","118.103.224.34","192.168.100.9","TLSv1.2","89","Application Data"
"563","49.715542","192.168.100.9","118.103.224.34","TCP","54","59948  >  443 [ACK] Seq=122 Ack=4083 Win=1023 Len=0"
"564","49.716167","118.103.224.34","192.168.100.9","TLSv1.2","225","Application Data"
"565","49.716297","192.168.100.9","118.103.224.34","TCP","54","59948  >  443 [ACK] Seq=122 Ack=4254 Win=1022 Len=0"
"566","49.717126","118.103.224.34","192.168.100.9","TLSv1.2","77","Application Data"
"567","49.717126","118.103.224.34","192.168.100.9","TCP","2838","443  >  59948 [ACK] Seq=4277 Ack=122 Win=123 Len=2784 [TCP PDU reassembled in 568]"
"568","49.717126","118.103.224.34","192.168.100.9","TLSv1.2","939","Application Data"
"569","49.717228","192.168.100.9","118.103.224.34","TCP","54","59948  >  443 [ACK] Seq=122 Ack=7946 Win=1024 Len=0"
"570","50.782405","20.195.84.16","192.168.100.9","TLSv1.2","81","Application Data"
"571","50.822563","192.168.100.9","20.195.84.16","TCP","54","54660  >  443 [ACK] Seq=150 Ack=109 Win=252 Len=0"
"572","56.708218","192.168.100.9","35.174.127.31","TLSv1.2","293","Application Data"
"573","57.051135","35.174.127.31","192.168.100.9","TLSv1.2","316","Application Data"
"574","57.092129","192.168.100.9","35.174.127.31","TCP","54","54595  >  443 [ACK] Seq=958 Ack=1052 Win=250 Len=0"
"575","57.917129","192.168.100.9","142.250.181.133","TCP","55","[TCP Keep-Alive] 59916  >  443 [ACK] Seq=6919 Ack=8768 Win=255 Len=1"
"576","57.964194","142.250.181.133","192.168.100.9","TCP","66","[TCP Keep-Alive ACK] 443  >  59916 [ACK] Seq=8768 Ack=6920 Win=1009 Len=0 SLE=6919 SRE=6920"
"577","60.075714","192.168.100.9","20.195.84.16","TLSv1.2","85","Application Data"
"578","60.195377","20.195.84.16","192.168.100.9","TCP","54","443  >  54660 [ACK] Seq=109 Ack=181 Win=501 Len=0"
"579","60.664332","fe80::1","ff05::c","SSDP","188","M-SEARCH * HTTP/1.1 "
"580","60.934024","fe80::1","ff05::c","SSDP","188","M-SEARCH * HTTP/1.1 "
"581","62.021352","fe80::1","ff02::c","SSDP","188","M-SEARCH * HTTP/1.1 "
"582","62.283678","fe80::1","ff02::c","SSDP","188","M-SEARCH * HTTP/1.1 "
"583","62.556487","192.168.100.1","239.255.255.250","SSDP","174","M-SEARCH * HTTP/1.1 "
"584","62.828642","192.168.100.1","239.255.255.250","SSDP","174","M-SEARCH * HTTP/1.1 "
"585","63.094090","fe80::1","ff05::c","SSDP","189","M-SEARCH * HTTP/1.1 "
"586","63.363416","fe80::1","ff05::c","SSDP","189","M-SEARCH * HTTP/1.1 "
"587","63.634141","fe80::1","ff02::c","SSDP","189","M-SEARCH * HTTP/1.1 "
"588","63.907601","fe80::1","ff02::c","SSDP","189","M-SEARCH * HTTP/1.1 "
"589","64.465666","192.168.100.1","239.255.255.250","SSDP","175","M-SEARCH * HTTP/1.1 "
"590","64.734629","192.168.100.1","239.255.255.250","SSDP","175","M-SEARCH * HTTP/1.1 "
"591","65.205763","192.168.100.9","142.250.102.188","TCP","55","[TCP Keep-Alive] 54621  >  5228 [ACK] Seq=1 Ack=1 Win=253 Len=1"
"592","65.373186","142.250.102.188","192.168.100.9","TCP","66","[TCP Keep-Alive ACK] 5228  >  54621 [ACK] Seq=1 Ack=2 Win=1047 Len=0 SLE=1 SRE=2"
"593","65.783443","20.195.84.16","192.168.100.9","TLSv1.2","81","Application Data"
"594","65.829239","192.168.100.9","20.195.84.16","TCP","54","54660  >  443 [ACK] Seq=181 Ack=136 Win=252 Len=0"
"595","66.456887","192.168.100.9","142.250.102.188","TCP","55","[TCP Keep-Alive] 54619  >  5228 [ACK] Seq=1 Ack=1 Win=253 Len=1"
"596","66.504978","192.168.100.9","142.250.102.188","TCP","55","[TCP Keep-Alive] 54620  >  5228 [ACK] Seq=1 Ack=1 Win=253 Len=1"
"597","66.618750","142.250.102.188","192.168.100.9","TCP","66","[TCP Keep-Alive ACK] 5228  >  54619 [ACK] Seq=1 Ack=2 Win=1046 Len=0 SLE=1 SRE=2"
"598","66.666901","142.250.102.188","192.168.100.9","TCP","66","[TCP Keep-Alive ACK] 5228  >  54620 [ACK] Seq=1 Ack=2 Win=1046 Len=0 SLE=1 SRE=2"
"599","68.944184","192.168.100.9","157.240.227.61","TCP","54","59964  >  5222 [FIN, ACK] Seq=704 Ack=2033 Win=64768 Len=0"
"600","69.027521","157.240.227.61","192.168.100.9","TCP","54","5222  >  59964 [ACK] Seq=2033 Ack=705 Win=72192 Len=0"
"601","69.164490","157.240.227.61","192.168.100.9","TCP","54","5222  >  59964 [FIN, ACK] Seq=2033 Ack=705 Win=72192 Len=0"
"602","69.164661","192.168.100.9","157.240.227.61","TCP","54","59964  >  5222 [ACK] Seq=705 Ack=2034 Win=64768 Len=0"
"603","69.467793","192.168.100.9","142.250.181.133","TCP","55","[TCP Keep-Alive] 59943  >  443 [ACK] Seq=1 Ack=1 Win=255 Len=1"
"604","69.513646","142.250.181.133","192.168.100.9","TCP","66","443  >  59943 [ACK] Seq=1 Ack=2 Win=1023 Len=0 SLE=1 SRE=2"
"605","69.934526","192.168.100.9","20.195.84.16","TLSv1.2","82","Application Data"
"606","70.054230","20.195.84.16","192.168.100.9","TCP","60","443  >  54660 [ACK] Seq=136 Ack=209 Win=501 Len=0"
"607","71.837633","192.168.100.9","142.250.181.133","TCP","55","[TCP Keep-Alive] 59942  >  443 [ACK] Seq=1 Ack=1 Win=252 Len=1"
"608","71.880711","142.250.181.133","192.168.100.9","TCP","66","[TCP Keep-Alive ACK] 443  >  59942 [ACK] Seq=1 Ack=2 Win=1045 Len=0 SLE=1 SRE=2"
"609","72.708417","192.168.100.9","35.174.127.31","TLSv1.2","293","Application Data"
"610","72.992590","35.174.127.31","192.168.100.9","TLSv1.2","314","Application Data"
"611","73.041643","192.168.100.9","35.174.127.31","TCP","54","54595  >  443 [ACK] Seq=1197 Ack=1312 Win=255 Len=0"
"612","74.174113","13.107.6.158","192.168.100.9","TCP","54","443  >  59954 [RST, ACK] Seq=5276 Ack=3750 Win=0 Len=0"
"613","75.779287","5e:cf:b7:4d:06:8c","Broadcast","ARP","42","Who has 192.168.100.1? Tell 192.168.100.34"
"614","76.071799","192.168.100.9","20.195.84.16","TLSv1.2","85","Application Data"
"615","76.381808","192.168.100.9","20.195.84.16","TCP","85","[TCP Retransmission] 54660  >  443 [PSH, ACK] Seq=209 Ack=136 Win=252 Len=31"
"616","76.473887","20.195.84.16","192.168.100.9","TCP","54","443  >  54660 [ACK] Seq=136 Ack=240 Win=501 Len=0"
"617","76.500226","20.195.84.16","192.168.100.9","TCP","66","[TCP Dup ACK 616#1] 443  >  54660 [ACK] Seq=136 Ack=240 Win=501 Len=0 SLE=209 SRE=240"
"618","80.792519","20.195.84.16","192.168.100.9","TLSv1.2","81","Application Data"
"619","80.845695","192.168.100.9","20.195.84.16","TCP","54","54660  >  443 [ACK] Seq=240 Ack=163 Win=252 Len=0"
"620","88.717350","192.168.100.9","35.174.127.31","TLSv1.2","293","Application Data"
"621","88.998923","35.174.127.31","192.168.100.9","TLSv1.2","316","Application Data"
"622","89.051645","192.168.100.9","35.174.127.31","TCP","54","54595  >  443 [ACK] Seq=1436 Ack=1574 Win=254 Len=0"
"623","91.038993","192.168.100.9","104.26.10.240","TCP","54","59946  >  443 [FIN, ACK] Seq=1 Ack=1 Win=1024 Len=0"
"624","91.062894","104.26.10.240","192.168.100.9","TCP","54","443  >  59946 [FIN, ACK] Seq=1 Ack=2 Win=9 Len=0"
"625","91.063072","192.168.100.9","104.26.10.240","TCP","54","59946  >  443 [ACK] Seq=2 Ack=2 Win=1024 Len=0"
"626","92.066690","192.168.100.9","20.195.84.16","TLSv1.2","85","Application Data"
"627","92.184199","20.195.84.16","192.168.100.9","TCP","54","443  >  54660 [ACK] Seq=163 Ack=271 Win=501 Len=0"
"628","96.791444","20.195.84.16","192.168.100.9","TLSv1.2","81","Application Data"
"629","96.845788","192.168.100.9","20.195.84.16","TCP","54","54660  >  443 [ACK] Seq=271 Ack=190 Win=252 Len=0"
"630","98.914483","192.168.100.9","192.168.100.1","TCP","66","59965  >  53 [SYN] Seq=0 Win=65535 Len=0 MSS=1460 WS=256 SACK_PERM"
"631","98.914893","192.168.100.9","192.168.100.1","TCP","66","59966  >  53 [SYN] Seq=0 Win=65535 Len=0 MSS=1460 WS=256 SACK_PERM"
"632","98.915577","192.168.100.9","142.250.181.133","TLSv1.2","3432","Ignored Unknown Record"
"633","98.915677","192.168.100.9","142.250.181.133","TLSv1.2","93","Application Data"
"634","98.917411","192.168.100.1","192.168.100.9","TCP","66","53  >  59965 [SYN, ACK] Seq=0 Ack=1 Win=14600 Len=0 MSS=1460 SACK_PERM WS=4"
"635","98.917411","192.168.100.1","192.168.100.9","TCP","66","53  >  59966 [SYN, ACK] Seq=0 Ack=1 Win=14600 Len=0 MSS=1460 SACK_PERM WS=4"
"636","98.917556","192.168.100.9","192.168.100.1","TCP","54","59965  >  53 [ACK] Seq=1 Ack=1 Win=65280 Len=0"
"637","98.917623","192.168.100.9","192.168.100.1","TCP","54","59966  >  53 [ACK] Seq=1 Ack=1 Win=65280 Len=0"
"638","98.917801","192.168.100.9","192.168.100.1","TCP","56","59966  >  53 [PSH, ACK] Seq=1 Ack=1 Win=65280 Len=2 [TCP PDU reassembled in 639]"
"639","98.917903","192.168.100.9","192.168.100.1","DNS","87","Standard query 0x0dd3 HTTPS mail.google.com"
"640","98.918016","192.168.100.9","192.168.100.1","TCP","56","59965  >  53 [PSH, ACK] Seq=1 Ack=1 Win=65280 Len=2 [TCP PDU reassembled in 641]"
"641","98.918076","192.168.100.9","192.168.100.1","DNS","87","Standard query 0x6b7a A mail.google.com"
"642","98.922502","192.168.100.1","192.168.100.9","TCP","54","53  >  59966 [ACK] Seq=1 Ack=3 Win=14600 Len=0"
"643","98.923127","192.168.100.1","192.168.100.9","TCP","54","53  >  59966 [ACK] Seq=1 Ack=36 Win=14600 Len=0"
"644","98.923127","192.168.100.1","192.168.100.9","TCP","54","53  >  59965 [ACK] Seq=1 Ack=3 Win=14600 Len=0"
"645","98.923127","192.168.100.1","192.168.100.9","TCP","54","53  >  59965 [ACK] Seq=1 Ack=36 Win=14600 Len=0"
"646","98.936359","192.168.100.1","192.168.100.9","DNS","139","Standard query response 0x0dd3 HTTPS mail.google.com SOA ns1.google.com"
"647","98.936982","192.168.100.9","192.168.100.1","TCP","54","59966  >  53 [FIN, ACK] Seq=36 Ack=86 Win=65280 Len=0"
"648","98.939994","192.168.100.1","192.168.100.9","DNS","177","Standard query response 0x6b7a A mail.google.com A 142.250.181.133 NS ns4.google.com NS ns3.google.com NS ns2.google.com NS ns1.google.com"
"649","98.940751","192.168.100.9","192.168.100.1","TCP","54","59965  >  53 [FIN, ACK] Seq=36 Ack=124 Win=65280 Len=0"
"650","98.942004","192.168.100.1","192.168.100.9","TCP","54","53  >  59966 [FIN, ACK] Seq=86 Ack=37 Win=14600 Len=0"
"651","98.942142","192.168.100.9","192.168.100.1","TCP","54","59966  >  53 [ACK] Seq=37 Ack=87 Win=65280 Len=0"
"652","98.946622","192.168.100.1","192.168.100.9","TCP","54","53  >  59965 [FIN, ACK] Seq=124 Ack=37 Win=14600 Len=0"
"653","98.946757","192.168.100.9","192.168.100.1","TCP","54","59965  >  53 [ACK] Seq=37 Ack=125 Win=65280 Len=0"
"654","98.958253","142.250.181.133","192.168.100.9","TCP","60","443  >  59943 [ACK] Seq=1 Ack=2826 Win=1013 Len=0"
"655","98.958253","142.250.181.133","192.168.100.9","TCP","54","443  >  59943 [ACK] Seq=1 Ack=1414 Win=1018 Len=0"
"656","98.958639","142.250.181.133","192.168.100.9","TCP","66","443  >  59943 [ACK] Seq=1 Ack=2826 Win=1013 Len=0 SLE=3380 SRE=3419"
"657","98.958799","142.250.181.133","192.168.100.9","TCP","60","443  >  59943 [ACK] Seq=1 Ack=3419 Win=1011 Len=0"
"658","98.959925","142.250.181.133","192.168.100.9","TLSv1.2","93","Application Data"
"659","99.001313","192.168.100.9","142.250.181.133","TCP","54","59943  >  443 [ACK] Seq=3419 Ack=40 Win=255 Len=0"
"660","99.118531","142.250.181.133","192.168.100.9","TLSv1.2","1198","Application Data"
"661","99.120897","142.250.181.133","192.168.100.9","TLSv1.2","1466","Application Data"
"662","99.120961","192.168.100.9","142.250.181.133","TCP","54","59943  >  443 [ACK] Seq=3419 Ack=2596 Win=255 Len=0"
"663","99.121136","142.250.181.133","192.168.100.9","TLSv1.2","1466","Application Data"
"664","99.121309","192.168.100.9","142.250.181.133","TLSv1.2","89","Application Data"
"665","99.122320","142.250.181.133","192.168.100.9","TLSv1.2","1148","Application Data"
"666","99.126469","142.250.181.133","192.168.100.9","TLSv1.2","93","Application Data"
"667","99.126556","192.168.100.9","142.250.181.133","TCP","54","59943  >  443 [ACK] Seq=3454 Ack=5141 Win=251 Len=0"
"668","99.126857","192.168.100.9","142.250.181.133","TLSv1.2","93","Application Data"
"669","99.158662","192.168.100.9","142.250.181.133","TLSv1.2","2956","Application Data"
"670","99.167211","142.250.181.133","192.168.100.9","TCP","60","443  >  59943 [ACK] Seq=5141 Ack=3454 Win=1011 Len=0"
"671","99.168234","142.250.181.133","192.168.100.9","TCP","60","443  >  59943 [ACK] Seq=5141 Ack=3493 Win=1011 Len=0"
"672","99.200882","142.250.181.133","192.168.100.9","TCP","60","443  >  59943 [ACK] Seq=5141 Ack=4905 Win=1006 Len=0"
"673","99.200882","142.250.181.133","192.168.100.9","TCP","60","443  >  59943 [ACK] Seq=5141 Ack=6317 Win=1001 Len=0"
"674","99.201490","142.250.181.133","192.168.100.9","TCP","60","443  >  59943 [ACK] Seq=5141 Ack=6395 Win=1001 Len=0"
"675","99.359842","142.250.181.133","192.168.100.9","TLSv1.2","1198","Application Data"
"676","99.361386","142.250.181.133","192.168.100.9","TLSv1.2","1466","Application Data"
"677","99.361464","192.168.100.9","142.250.181.133","TCP","54","59943  >  443 [ACK] Seq=6395 Ack=7697 Win=255 Len=0"
"678","99.361857","142.250.181.133","192.168.100.9","TLSv1.2","1466","Application Data"
"679","99.362915","142.250.181.133","192.168.100.9","TLSv1.2","1011","Application Data"
"680","99.362994","192.168.100.9","142.250.181.133","TCP","54","59943  >  443 [ACK] Seq=6395 Ack=10066 Win=255 Len=0"
"681","99.363579","142.250.181.133","192.168.100.9","TLSv1.2","85","Application Data"
"682","99.363579","142.250.181.133","192.168.100.9","TLSv1.2","93","Application Data"
"683","99.363654","192.168.100.9","142.250.181.133","TCP","54","59943  >  443 [ACK] Seq=6395 Ack=10136 Win=255 Len=0"
"684","99.364866","192.168.100.9","142.250.181.133","TLSv1.2","93","Application Data"
"685","99.407058","142.250.181.133","192.168.100.9","TCP","60","443  >  59943 [ACK] Seq=10136 Ack=6434 Win=1001 Len=0"
"686","99.949429","192.168.100.9","20.195.84.16","TLSv1.2","82","Application Data"
"687","100.069018","20.195.84.16","192.168.100.9","TCP","60","443  >  54660 [ACK] Seq=190 Ack=299 Win=501 Len=0"
"688","102.965261","192.168.100.9","142.250.181.133","TCP","55","[TCP Keep-Alive] 59916  >  443 [ACK] Seq=6919 Ack=8768 Win=255 Len=1"
"689","103.007916","142.250.181.133","192.168.100.9","TCP","66","[TCP Keep-Alive ACK] 443  >  59916 [ACK] Seq=8768 Ack=6920 Win=1009 Len=0 SLE=6919 SRE=6920"
"690","104.720038","192.168.100.9","35.174.127.31","TLSv1.2","293","Application Data"
"691","105.070415","35.174.127.31","192.168.100.9","TLSv1.2","315","Application Data"
"692","105.117599","192.168.100.9","35.174.127.31","TCP","54","54595  >  443 [ACK] Seq=1675 Ack=1835 Win=253 Len=0"
"693","106.031563","157.240.227.60","192.168.100.9","TLSv1.2","93","Application Data"
"694","106.031563","157.240.227.60","192.168.100.9","TCP","93","[TCP Retransmission] 443  >  59949 [PSH, ACK] Seq=89331 Ack=382 Win=277 Len=39"
"695","106.031563","157.240.227.60","192.168.100.9","TLSv1.3","93","Application Data"
"696","106.031563","163.70.132.60","192.168.100.9","TLSv1.3","93","Application Data"
"697","106.031563","157.240.227.60","192.168.100.9","TCP","93","[TCP Retransmission] 443  >  59949 [PSH, ACK] Seq=89331 Ack=382 Win=277 Len=39"
"698","106.031563","157.240.227.60","192.168.100.9","TCP","93","[TCP Retransmission] 443  >  59960 [PSH, ACK] Seq=660 Ack=940 Win=67072 Len=39"
"699","106.031563","163.70.132.60","192.168.100.9","TCP","93","[TCP Retransmission] 443  >  59963 [PSH, ACK] Seq=660 Ack=962 Win=68352 Len=39"
"700","106.031761","192.168.100.9","157.240.227.60","TCP","66","59949  >  443 [ACK] Seq=382 Ack=89370 Win=1023 Len=0 SLE=89331 SRE=89370"
"701","106.032011","192.168.100.9","157.240.227.60","TCP","66","[TCP Dup ACK 700#1] 59949  >  443 [ACK] Seq=382 Ack=89370 Win=1023 Len=0 SLE=89331 SRE=89370"
"702","106.032074","192.168.100.9","157.240.227.60","TCP","66","59960  >  443 [ACK] Seq=940 Ack=699 Win=261376 Len=0 SLE=660 SRE=699"
"703","106.032118","192.168.100.9","163.70.132.60","TCP","66","59963  >  443 [ACK] Seq=962 Ack=699 Win=261376 Len=0 SLE=660 SRE=699"
"704","106.075809","157.240.227.60","192.168.100.9","TCP","93","[TCP Spurious Retransmission] 443  >  59960 [PSH, ACK] Seq=660 Ack=940 Win=67072 Len=39"
"705","106.075884","192.168.100.9","157.240.227.60","TCP","66","[TCP Dup ACK 702#1] 59960  >  443 [ACK] Seq=940 Ack=699 Win=261376 Len=0 SLE=660 SRE=699"
"706","107.075131","192.168.100.9","20.195.84.16","TLSv1.2","85","Application Data"
"707","107.194036","20.195.84.16","192.168.100.9","TCP","54","443  >  54660 [ACK] Seq=190 Ack=330 Win=501 Len=0"
"708","110.325425","157.240.227.60","192.168.100.9","TLSv1.2","78","Application Data"
"709","110.325425","157.240.227.60","192.168.100.9","TCP","54","443  >  59949 [FIN, ACK] Seq=89394 Ack=382 Win=277 Len=0"
"710","110.325584","192.168.100.9","157.240.227.60","TCP","54","59949  >  443 [ACK] Seq=382 Ack=89395 Win=1023 Len=0"
"711","110.374804","192.168.100.9","142.250.102.188","TCP","55","[TCP Keep-Alive] 54621  >  5228 [ACK] Seq=1 Ack=1 Win=253 Len=1"
"712","110.536893","142.250.102.188","192.168.100.9","TCP","66","[TCP Keep-Alive ACK] 5228  >  54621 [ACK] Seq=1 Ack=2 Win=1047 Len=0 SLE=1 SRE=2"
"713","110.583987","157.240.227.60","192.168.100.9","TLSv1.3","78","Application Data"
"714","110.584153","192.168.100.9","157.240.227.60","TCP","54","59960  >  443 [ACK] Seq=940 Ack=723 Win=261376 Len=0"
"715","110.584637","157.240.227.60","192.168.100.9","TCP","54","443  >  59960 [FIN, ACK] Seq=723 Ack=940 Win=67072 Len=0"
"716","110.584762","192.168.100.9","157.240.227.60","TCP","54","59960  >  443 [ACK] Seq=940 Ack=724 Win=261376 Len=0"
"717","110.729591","163.70.132.60","192.168.100.9","TLSv1.3","78","Application Data"
"718","110.729591","163.70.132.60","192.168.100.9","TCP","54","443  >  59963 [FIN, ACK] Seq=723 Ack=962 Win=68352 Len=0"
"719","110.729708","192.168.100.9","163.70.132.60","TCP","54","59963  >  443 [ACK] Seq=962 Ack=724 Win=261376 Len=0"
"720","110.910337","192.168.100.9","163.70.132.60","TCP","54","59963  >  443 [FIN, ACK] Seq=962 Ack=724 Win=261376 Len=0"
"721","110.910666","192.168.100.9","157.240.227.60","TCP","54","59960  >  443 [FIN, ACK] Seq=940 Ack=724 Win=261376 Len=0"
"722","110.910864","192.168.100.9","157.240.227.60","TCP","54","59949  >  443 [FIN, ACK] Seq=382 Ack=89395 Win=1023 Len=0"
"723","110.914147","192.168.100.9","157.240.227.61","TCP","66","59967  >  5222 [SYN] Seq=0 Win=65535 Len=0 MSS=1460 WS=256 SACK_PERM"
"724","110.952502","157.240.227.60","192.168.100.9","TCP","60","443  >  59949 [ACK] Seq=89395 Ack=383 Win=277 Len=0"
"725","110.957173","157.240.227.61","192.168.100.9","TCP","66","5222  >  59967 [SYN, ACK] Seq=0 Ack=1 Win=65535 Len=0 MSS=1392 SACK_PERM WS=256"
"726","110.957173","157.240.227.60","192.168.100.9","TCP","60","443  >  59960 [ACK] Seq=724 Ack=941 Win=67072 Len=0"
"727","110.957352","192.168.100.9","157.240.227.61","TCP","54","59967  >  5222 [ACK] Seq=1 Ack=1 Win=65280 Len=0"
"728","111.000004","163.70.132.60","192.168.100.9","TCP","60","443  >  59963 [ACK] Seq=724 Ack=963 Win=68352 Len=0"
"729","111.634432","192.168.100.9","142.250.102.188","TCP","55","[TCP Keep-Alive] 54619  >  5228 [ACK] Seq=1 Ack=1 Win=253 Len=1"
"730","111.666944","192.168.100.9","142.250.102.188","TCP","55","[TCP Keep-Alive] 54620  >  5228 [ACK] Seq=1 Ack=1 Win=253 Len=1"
"731","111.793333","142.250.102.188","192.168.100.9","TCP","66","[TCP Keep-Alive ACK] 5228  >  54619 [ACK] Seq=1 Ack=2 Win=1046 Len=0 SLE=1 SRE=2"
"732","111.831211","142.250.102.188","192.168.100.9","TCP","66","[TCP Keep-Alive ACK] 5228  >  54620 [ACK] Seq=1 Ack=2 Win=1046 Len=0 SLE=1 SRE=2"
"733","112.446936","192.168.100.9","192.168.100.1","DNS","86","Standard query 0x77d3 A config.teams.microsoft.com"
"734","112.473020","192.168.100.1","192.168.100.9","DNS","342","Standard query response 0x77d3 A config.teams.microsoft.com CNAME config.teams.trafficmanager.net CNAME dual-s-0005-teams.config.skype.com CNAME config-teams.s-0005.dual-s-msedge.net CNAME s-0005.dual-s-msedge.net A 52.123.129.14 A 52.123.128.14 NS ns3.dual-s-msedge.net NS ns4.dual-s-msedge.net NS ns2.dual-s-msedge.net NS ns1.dual-s-msedge.net"
"735","112.477768","192.168.100.9","52.123.129.14","TCP","66","59968  >  443 [SYN] Seq=0 Win=65535 Len=0 MSS=1460 WS=256 SACK_PERM"
"736","112.520952","52.123.129.14","192.168.100.9","TCP","66","443  >  59968 [SYN, ACK] Seq=0 Ack=1 Win=65535 Len=0 MSS=1412 WS=256 SACK_PERM"
"737","112.521124","192.168.100.9","52.123.129.14","TCP","54","59968  >  443 [ACK] Seq=1 Ack=1 Win=262144 Len=0"
"738","112.530043","192.168.100.9","52.123.129.14","TLSv1.3","512","Client Hello (SNI=config.teams.microsoft.com)"
"739","112.575096","52.123.129.14","192.168.100.9","TCP","54","443  >  59968 [ACK] Seq=1 Ack=459 Win=4194560 Len=0"
"740","112.580394","52.123.129.14","192.168.100.9","TLSv1.3","1466","Server Hello, Change Cipher Spec"
"741","112.580588","192.168.100.9","52.123.129.14","TCP","54","59968  >  443 [ACK] Seq=459 Ack=1413 Win=262144 Len=0"
"742","112.581081","52.123.129.14","192.168.100.9","TCP","1466","443  >  59968 [ACK] Seq=1413 Ack=459 Win=4194560 Len=1412 [TCP PDU reassembled in 745]"
"743","112.581081","52.123.129.14","192.168.100.9","TCP","1466","443  >  59968 [ACK] Seq=2825 Ack=459 Win=4194560 Len=1412 [TCP PDU reassembled in 745]"
"744","112.581081","52.123.129.14","192.168.100.9","TCP","1466","443  >  59968 [ACK] Seq=4237 Ack=459 Win=4194560 Len=1412 [TCP PDU reassembled in 745]"
"745","112.581081","52.123.129.14","192.168.100.9","TLSv1.3","494","Application Data"
"746","112.581265","192.168.100.9","52.123.129.14","TCP","54","59968  >  443 [ACK] Seq=459 Ack=6089 Win=262144 Len=0"
"747","112.638024","192.168.100.9","52.123.129.14","TLSv1.3","134","Change Cipher Spec, Application Data"
"748","112.638712","192.168.100.9","52.123.129.14","TLSv1.3","664","Application Data"
"749","112.681216","52.123.129.14","192.168.100.9","TCP","60","443  >  59968 [ACK] Seq=6089 Ack=539 Win=4194304 Len=0"
"750","112.682164","52.123.129.14","192.168.100.9","TLSv1.3","513","Application Data"
"751","112.682291","192.168.100.9","52.123.129.14","TCP","54","59968  >  443 [ACK] Seq=1149 Ack=6548 Win=261632 Len=0"
"752","112.684204","52.123.129.14","192.168.100.9","TCP","60","443  >  59968 [ACK] Seq=6548 Ack=1149 Win=4193792 Len=0"
"753","112.777397","20.195.84.16","192.168.100.9","TLSv1.2","81","Application Data"
"754","112.818277","192.168.100.9","20.195.84.16","TCP","54","54660  >  443 [ACK] Seq=330 Ack=217 Win=252 Len=0"
"755","112.880757","52.123.129.14","192.168.100.9","TCP","1466","443  >  59968 [ACK] Seq=6548 Ack=1149 Win=4193792 Len=1412 [TCP PDU reassembled in 757]"
"756","112.880757","52.123.129.14","192.168.100.9","TCP","1466","443  >  59968 [ACK] Seq=7960 Ack=1149 Win=4193792 Len=1412 [TCP PDU reassembled in 757]"
"757","112.880757","52.123.129.14","192.168.100.9","TLSv1.3","1429","Application Data"
"758","112.880757","52.123.129.14","192.168.100.9","TCP","2878","443  >  59968 [ACK] Seq=10747 Ack=1149 Win=4193792 Len=2824 [TCP PDU reassembled in 761]"
"759","112.880757","52.123.129.14","192.168.100.9","TCP","1466","443  >  59968 [ACK] Seq=13571 Ack=1149 Win=4193792 Len=1412 [TCP PDU reassembled in 761]"
"760","112.880757","52.123.129.14","192.168.100.9","TCP","2878","443  >  59968 [ACK] Seq=14983 Ack=1149 Win=4193792 Len=2824 [TCP PDU reassembled in 761]"
"761","112.880757","52.123.129.14","192.168.100.9","TLSv1.3","1208","Application Data"
"762","112.880757","52.123.129.14","192.168.100.9","TCP","2878","443  >  59968 [ACK] Seq=18961 Ack=1149 Win=4193792 Len=2824 [TCP PDU reassembled in 763]"
"763","112.880757","52.123.129.14","192.168.100.9","TLSv1.3","1396","Application Data"
"764","112.880757","52.123.129.14","192.168.100.9","TCP","7114","443  >  59968 [ACK] Seq=23127 Ack=1149 Win=4193792 Len=7060 [TCP PDU reassembled in 765]"
"765","112.880757","52.123.129.14","192.168.100.9","TLSv1.3","1208","Application Data"
"766","112.880757","52.123.129.14","192.168.100.9","TCP","4290","443  >  59968 [ACK] Seq=31341 Ack=1149 Win=4193792 Len=4236 [TCP PDU reassembled in 768]"
"767","112.881280","192.168.100.9","52.123.129.14","TCP","54","59968  >  443 [ACK] Seq=1149 Ack=35577 Win=262144 Len=0"
"768","112.923251","52.123.129.14","192.168.100.9","TLSv1.3","1403","Application Data"
"769","112.923393","192.168.100.9","52.123.129.14","TCP","54","59968  >  443 [ACK] Seq=1149 Ack=36926 Win=260608 Len=0"
"770","112.989861","192.168.100.9","52.123.129.14","TCP","54","59968  >  443 [RST, ACK] Seq=1149 Ack=36926 Win=0 Len=0"
"771","116.891471","192.168.100.9","142.250.181.133","TCP","55","[TCP Keep-Alive] 59942  >  443 [ACK] Seq=1 Ack=1 Win=252 Len=1"
"772","116.934700","142.250.181.133","192.168.100.9","TCP","66","[TCP Keep-Alive ACK] 443  >  59942 [ACK] Seq=1 Ack=2 Win=1045 Len=0 SLE=1 SRE=2"
"773","117.201123","35.174.127.31","192.168.100.9","TLSv1.2","78","Application Data"
